sector,reaction,base_reaction,complex,genes,flux_imod_max,flux_growth_max,carries_flux,only_when_constrained
NtrC-3,12PPDRtex_REV_CPLX0-7534,12PPDRtex,CPLX0-7534,b0929,0.0,0.0,False,False
NtrC-3,12PPDRtex_FWD_CPLX0-7534,12PPDRtex,CPLX0-7534,b0929,0.0,0.0,False,False
NtrC-3,12PPDStex_REV_CPLX0-7534,12PPDStex,CPLX0-7534,b0929,0.0,0.0,False,False
NtrC-3,12PPDStex_FWD_CPLX0-7534,12PPDStex,CPLX0-7534,b0929,0.0,0.0,False,False
Fnr-3,14GLUCANabcpp_FWD_ABC-16-CPLX,14GLUCANabcpp,ABC-16-CPLX,b4034,0.0,0.0,False,False
NtrC-3,23CAMPtex_REV_CPLX0-7534,23CAMPtex,CPLX0-7534,b0929,0.0,0.0,False,False
NtrC-3,23CAMPtex_FWD_CPLX0-7534,23CAMPtex,CPLX0-7534,b0929,0.0,0.0,False,False
NtrC-3,23CCMPtex_REV_CPLX0-7534,23CCMPtex,CPLX0-7534,b0929,0.0,0.0,False,False
NtrC-3,23CCMPtex_FWD_CPLX0-7534,23CCMPtex,CPLX0-7534,b0929,0.0,0.0,False,False
NtrC-3,23CGMPtex_REV_CPLX0-7534,23CGMPtex,CPLX0-7534,b0929,0.0,0.0,False,False
NtrC-3,23CGMPtex_FWD_CPLX0-7534,23CGMPtex,CPLX0-7534,b0929,0.0,0.0,False,False
NtrC-3,23CUMPtex_REV_CPLX0-7534,23CUMPtex,CPLX0-7534,b0929,0.0,0.0,False,False
NtrC-3,23CUMPtex_FWD_CPLX0-7534,23CUMPtex,CPLX0-7534,b0929,0.0,0.0,False,False
NtrC-3,23DAPPAtex_REV_CPLX0-7534,23DAPPAtex,CPLX0-7534,b0929,0.0,0.0,False,False
NtrC-3,23DAPPAtex_FWD_CPLX0-7534,23DAPPAtex,CPLX0-7534,b0929,0.0,0.0,False,False
NtrC-3,26DAHtex_REV_CPLX0-7534,26DAHtex,CPLX0-7534,b0929,0.0,0.0,False,False
NtrC-3,26DAHtex_FWD_CPLX0-7534,26DAHtex,CPLX0-7534,b0929,0.0,0.0,False,False
NtrC-3,34dhpactex_REV_CPLX0-7534,34dhpactex,CPLX0-7534,b0929,0.0,0.0,False,False
NtrC-3,34dhpactex_FWD_CPLX0-7534,34dhpactex,CPLX0-7534,b0929,0.0,0.0,False,False
NtrC-3,3AMACHYD_FWD_G6520-MONOMER,3AMACHYD,G6520-MONOMER,b1009,1.561196517601445,1.1096657167109498,True,False
NtrC-3,3AMPtex_REV_CPLX0-7534,3AMPtex,CPLX0-7534,b0929,0.0,0.0,False,False
NtrC-3,3AMPtex_FWD_CPLX0-7534,3AMPtex,CPLX0-7534,b0929,0.0,0.0,False,False
NtrC-3,3CMPtex_REV_CPLX0-7534,3CMPtex,CPLX0-7534,b0929,0.0,0.0,False,False
NtrC-3,3CMPtex_FWD_CPLX0-7534,3CMPtex,CPLX0-7534,b0929,0.0,0.0,False,False
NtrC-3,3GMPtex_REV_CPLX0-7534,3GMPtex,CPLX0-7534,b0929,0.0,0.0,False,False
NtrC-3,3GMPtex_FWD_CPLX0-7534,3GMPtex,CPLX0-7534,b0929,0.0,0.0,False,False
NtrC-3,3HPPtex_REV_CPLX0-7534,3HPPtex,CPLX0-7534,b0929,0.0,0.0,False,False
NtrC-3,3HPPtex_FWD_CPLX0-7534,3HPPtex,CPLX0-7534,b0929,0.0,0.0,False,False
NtrC-3,3PEPTtex_REV_CPLX0-7534,3PEPTtex,CPLX0-7534,b0929,0.0,0.0,False,False
NtrC-3,3PEPTtex_FWD_CPLX0-7534,3PEPTtex,CPLX0-7534,b0929,0.0,0.0,False,False
NtrC-3,3UMPtex_REV_CPLX0-7534,3UMPtex,CPLX0-7534,b0929,0.0,0.0,False,False
NtrC-3,3UMPtex_FWD_CPLX0-7534,3UMPtex,CPLX0-7534,b0929,0.0,0.0,False,False
NtrC-3,4HOXPACDtex_REV_CPLX0-7534,4HOXPACDtex,CPLX0-7534,b0929,0.0,0.0,False,False
NtrC-3,4HOXPACDtex_FWD_CPLX0-7534,4HOXPACDtex,CPLX0-7534,b0929,0.0,0.0,False,False
NtrC-3,4PEPTtex_REV_CPLX0-7534,4PEPTtex,CPLX0-7534,b0929,0.0,0.0,False,False
NtrC-3,4PEPTtex_FWD_CPLX0-7534,4PEPTtex,CPLX0-7534,b0929,0.0,0.0,False,False
NtrC-3,5DGLCNtex_REV_CPLX0-7534,5DGLCNtex,CPLX0-7534,b0929,0.0,0.0,False,False
NtrC-3,5DGLCNtex_FWD_CPLX0-7534,5DGLCNtex,CPLX0-7534,b0929,0.0,0.0,False,False
NtrC-3,5MTRtex_REV_CPLX0-7534,5MTRtex,CPLX0-7534,b0929,0.00014698403778955983,0.0,True,True
NtrC-3,5MTRtex_FWD_CPLX0-7534,5MTRtex,CPLX0-7534,b0929,0.0,0.0,False,False
NtrC-3,ABTA_FWD_GABATRANSAM-CPLX_mod_pydx5p,ABTA,GABATRANSAM-CPLX_mod_pydx5p,b2662,5.293888074433765,0.0,True,True
NtrC-1,ABTA_FWD_GABATRANSAM-CPLX_mod_pydx5p,ABTA,GABATRANSAM-CPLX_mod_pydx5p,b2662,5.293888074433765,0.0,True,True
NtrC-3,ABUTD_FWD_CPLX0-3641,ABUTD,CPLX0-3641,b1444,2.2074175876769724,2.2190137276825994,True,False
NtrC-3,ABUTt2pp_FWD_GABP-MONOMER,ABUTt2pp,GABP-MONOMER,b2663,6.837764797879218,1.8901504156486992,True,False
NtrC-1,ABUTt2pp_FWD_GABP-MONOMER,ABUTt2pp,GABP-MONOMER,b2663,6.837764797879218,1.8901504156486992,True,False
NtrC-3,ABUTtex_REV_CPLX0-7534,ABUTtex,CPLX0-7534,b0929,0.0,0.0,False,False
NtrC-3,ABUTtex_FWD_CPLX0-7534,ABUTtex,CPLX0-7534,b0929,0.0,0.0,False,False
ArcA-1,ACACT1r_REV_CPLX0-1667,ACACT1r,CPLX0-1667,b2342,0.0,0.0,False,False
ArcA-1,ACACT1r_FWD_CPLX0-1667,ACACT1r,CPLX0-1667,b2342,0.17243802369761638,0.4042891351841271,True,False
ArcA-1,ACACT1r_REV_FADA-CPLX,ACACT1r,FADA-CPLX,b3845,0.0,0.0,False,False
NtrC-1,ACACT1r_REV_FADA-CPLX,ACACT1r,FADA-CPLX,b3845,0.0,0.0,False,False
ArcA-1,ACACT1r_FWD_FADA-CPLX,ACACT1r,FADA-CPLX,b3845,0.2875827074704883,0.0,True,True
NtrC-1,ACACT1r_FWD_FADA-CPLX,ACACT1r,FADA-CPLX,b3845,0.2875827074704883,0.0,True,True
ArcA-1,ACACT2r_REV_CPLX0-1667,ACACT2r,CPLX0-1667,b2342,0.16030245023110307,0.0,True,True
ArcA-1,ACACT2r_FWD_CPLX0-1667,ACACT2r,CPLX0-1667,b2342,0.3450883983783441,0.4042891351841271,True,False
ArcA-1,ACACT2r_REV_FADA-CPLX,ACACT2r,FADA-CPLX,b3845,0.14661739949765593,0.0,True,True
NtrC-1,ACACT2r_REV_FADA-CPLX,ACACT2r,FADA-CPLX,b3845,0.14661739949765593,0.0,True,True
ArcA-1,ACACT2r_FWD_FADA-CPLX,ACACT2r,FADA-CPLX,b3845,0.32521331452413016,0.0,True,True
NtrC-1,ACACT2r_FWD_FADA-CPLX,ACACT2r,FADA-CPLX,b3845,0.32521331452413016,0.0,True,True
ArcA-1,ACACT3r_REV_CPLX0-1667,ACACT3r,CPLX0-1667,b2342,0.22520829606756199,0.0,True,True
ArcA-1,ACACT3r_FWD_CPLX0-1667,ACACT3r,CPLX0-1667,b2342,0.3942611747091768,0.29110472546912264,True,False
ArcA-1,ACACT3r_REV_FADA-CPLX,ACACT3r,FADA-CPLX,b3845,0.012318040042234584,0.0,True,True
NtrC-1,ACACT3r_REV_FADA-CPLX,ACACT3r,FADA-CPLX,b3845,0.012318040042234584,0.0,True,True
ArcA-1,ACACT3r_FWD_FADA-CPLX,ACACT3r,FADA-CPLX,b3845,0.2875827074704883,0.0,True,True
NtrC-1,ACACT3r_FWD_FADA-CPLX,ACACT3r,FADA-CPLX,b3845,0.2875827074704883,0.0,True,True
ArcA-1,ACACT4r_REV_CPLX0-1667,ACACT4r,CPLX0-1667,b2342,0.0,0.0,False,False
ArcA-1,ACACT4r_FWD_CPLX0-1667,ACACT4r,CPLX0-1667,b2342,0.22955651569583435,0.29110390819422444,True,False
ArcA-1,ACACT4r_REV_FADA-CPLX,ACACT4r,FADA-CPLX,b3845,0.07360443106067112,0.0,True,True
NtrC-1,ACACT4r_REV_FADA-CPLX,ACACT4r,FADA-CPLX,b3845,0.07360443106067112,0.0,True,True
ArcA-1,ACACT4r_FWD_FADA-CPLX,ACACT4r,FADA-CPLX,b3845,0.28758162469733944,0.0,True,True
NtrC-1,ACACT4r_FWD_FADA-CPLX,ACACT4r,FADA-CPLX,b3845,0.28758162469733944,0.0,True,True
ArcA-1,ACACT5r_REV_CPLX0-1667,ACACT5r,CPLX0-1667,b2342,0.20200804751351945,0.0,True,True
ArcA-1,ACACT5r_FWD_CPLX0-1667,ACACT5r,CPLX0-1667,b2342,0.3159157768384811,0.29110390819422444,True,False
ArcA-1,ACACT5r_REV_FADA-CPLX,ACACT5r,FADA-CPLX,b3845,0.0,0.0,False,False
NtrC-1,ACACT5r_REV_FADA-CPLX,ACACT5r,FADA-CPLX,b3845,0.0,0.0,False,False
ArcA-1,ACACT5r_FWD_FADA-CPLX,ACACT5r,FADA-CPLX,b3845,0.28758162469733944,0.0,True,True
NtrC-1,ACACT5r_FWD_FADA-CPLX,ACACT5r,FADA-CPLX,b3845,0.28758162469733944,0.0,True,True
ArcA-1,ACACT6r_REV_CPLX0-1667,ACACT6r,CPLX0-1667,b2342,0.0,0.0,False,False
ArcA-1,ACACT6r_FWD_CPLX0-1667,ACACT6r,CPLX0-1667,b2342,0.17632678534196886,0.2334146597800373,True,False
ArcA-1,ACACT6r_REV_FADA-CPLX,ACACT6r,FADA-CPLX,b3845,0.06186196831051726,0.0,True,True
NtrC-1,ACACT6r_REV_FADA-CPLX,ACACT6r,FADA-CPLX,b3845,0.06186196831051726,0.0,True,True
ArcA-1,ACACT6r_FWD_FADA-CPLX,ACACT6r,FADA-CPLX,b3845,0.2245211306498905,0.0,True,True
NtrC-1,ACACT6r_FWD_FADA-CPLX,ACACT6r,FADA-CPLX,b3845,0.2245211306498905,0.0,True,True
ArcA-1,ACACT7r_REV_CPLX0-1667,ACACT7r,CPLX0-1667,b2342,0.3058118807775857,0.0,True,True
ArcA-1,ACACT7r_FWD_CPLX0-1667,ACACT7r,CPLX0-1667,b2342,0.4821386661195546,0.2334146597800373,True,False
ArcA-1,ACACT7r_REV_FADA-CPLX,ACACT7r,FADA-CPLX,b3845,0.07482490535065353,0.0,True,True
NtrC-1,ACACT7r_REV_FADA-CPLX,ACACT7r,FADA-CPLX,b3845,0.07482490535065353,0.0,True,True
ArcA-1,ACACT7r_FWD_FADA-CPLX,ACACT7r,FADA-CPLX,b3845,0.2245211306498905,0.0,True,True
NtrC-1,ACACT7r_FWD_FADA-CPLX,ACACT7r,FADA-CPLX,b3845,0.2245211306498905,0.0,True,True
ArcA-1,ACACT8r_REV_CPLX0-1667,ACACT8r,CPLX0-1667,b2342,0.2701470219708069,0.00535667185749879,True,False
ArcA-1,ACACT8r_FWD_CPLX0-1667,ACACT8r,CPLX0-1667,b2342,0.2701470219708069,2.6101217871994095e-54,True,True
ArcA-1,ACACT8r_REV_FADA-CPLX,ACACT8r,FADA-CPLX,b3845,6.372367644529807e-58,0.0,False,False
NtrC-1,ACACT8r_REV_FADA-CPLX,ACACT8r,FADA-CPLX,b3845,6.372367644529807e-58,0.0,False,False
ArcA-1,ACACT8r_FWD_FADA-CPLX,ACACT8r,FADA-CPLX,b3845,0.0,0.0,False,False
NtrC-1,ACACT8r_FWD_FADA-CPLX,ACACT8r,FADA-CPLX,b3845,0.0,0.0,False,False
NtrC-3,ACACtex_REV_CPLX0-7534,ACACtex,CPLX0-7534,b0929,0.0,0.0,False,False
NtrC-3,ACACtex_FWD_CPLX0-7534,ACACtex,CPLX0-7534,b0929,0.0,0.0,False,False
NtrC-3,ACALDtex_REV_CPLX0-7534,ACALDtex,CPLX0-7534,b0929,0.0,0.0,False,False
NtrC-3,ACALDtex_FWD_CPLX0-7534,ACALDtex,CPLX0-7534,b0929,0.0,0.0,False,False
ArcA-1,ACCOAL_FWD_ACS-MONOMER,ACCOAL,ACS-MONOMER,b4069,0.0,0.0,False,False
ArcA-2,ACCOAL_FWD_ACS-MONOMER,ACCOAL,ACS-MONOMER,b4069,0.0,0.0,False,False
NtrC-3,ACGAL1Ptex_REV_CPLX0-7534,ACGAL1Ptex,CPLX0-7534,b0929,0.0,0.0,False,False
NtrC-3,ACGAL1Ptex_FWD_CPLX0-7534,ACGAL1Ptex,CPLX0-7534,b0929,0.0,0.0,False,False
NtrC-3,ACGALtex_REV_CPLX0-7534,ACGALtex,CPLX0-7534,b0929,0.0,0.0,False,False
NtrC-3,ACGALtex_FWD_CPLX0-7534,ACGALtex,CPLX0-7534,b0929,0.0,0.0,False,False
NtrC-3,ACGAM1Ptex_REV_CPLX0-7534,ACGAM1Ptex,CPLX0-7534,b0929,0.0,0.0,False,False
NtrC-3,ACGAM1Ptex_FWD_CPLX0-7534,ACGAM1Ptex,CPLX0-7534,b0929,0.0,0.0,False,False
NtrC-3,ACGAtex_REV_CPLX0-7534,ACGAtex,CPLX0-7534,b0929,0.0,0.0,False,False
NtrC-3,ACGAtex_FWD_CPLX0-7534,ACGAtex,CPLX0-7534,b0929,0.0,0.0,False,False
NtrC-3,ACMANAtex_REV_CPLX0-7534,ACMANAtex,CPLX0-7534,b0929,0.0,0.0,False,False
NtrC-3,ACMANAtex_FWD_CPLX0-7534,ACMANAtex,CPLX0-7534,b0929,0.0,0.0,False,False
NtrC-3,ACMUMtex_FWD_CPLX0-7534,ACMUMtex,CPLX0-7534,b0929,0.0,0.0,False,False
NtrC-3,ACNAMtex_REV_CPLX0-7534,ACNAMtex,CPLX0-7534,b0929,0.0,0.0,False,False
NtrC-3,ACNAMtex_FWD_CPLX0-7534,ACNAMtex,CPLX0-7534,b0929,0.0,0.0,False,False
NtrC-3,ACNML_FWD_ACNEULY-CPLX,ACNML,ACNEULY-CPLX,b3225,0.0,0.0,False,False
ArcA-1,ACONTa_REV_CPLX0-7761_mod_4fe4s,ACONTa,CPLX0-7761_mod_4fe4s,b0118,0.0,0.0,False,False
ArcA-2,ACONTa_REV_CPLX0-7761_mod_4fe4s,ACONTa,CPLX0-7761_mod_4fe4s,b0118,0.0,0.0,False,False
ArcA-1,ACONTa_FWD_CPLX0-7761_mod_4fe4s,ACONTa,CPLX0-7761_mod_4fe4s,b0118,0.0,0.0,False,False
ArcA-2,ACONTa_FWD_CPLX0-7761_mod_4fe4s,ACONTa,CPLX0-7761_mod_4fe4s,b0118,0.0,0.0,False,False
ArcA-1,ACONTb_REV_CPLX0-7761_mod_4fe4s,ACONTb,CPLX0-7761_mod_4fe4s,b0118,0.0,0.0,False,False
ArcA-2,ACONTb_REV_CPLX0-7761_mod_4fe4s,ACONTb,CPLX0-7761_mod_4fe4s,b0118,0.0,0.0,False,False
ArcA-1,ACONTb_FWD_CPLX0-7761_mod_4fe4s,ACONTb,CPLX0-7761_mod_4fe4s,b0118,0.0,0.0,False,False
ArcA-2,ACONTb_FWD_CPLX0-7761_mod_4fe4s,ACONTb,CPLX0-7761_mod_4fe4s,b0118,0.0,0.0,False,False
NtrC-3,ACOTA_REV_SUCCORNTRANSAM-CPLX_mod_pydx5p,ACOTA,SUCCORNTRANSAM-CPLX_mod_pydx5p,b1748,0.0,0.0,False,False
ArcA-1,ACOTA_REV_SUCCORNTRANSAM-CPLX_mod_pydx5p,ACOTA,SUCCORNTRANSAM-CPLX_mod_pydx5p,b1748,0.0,0.0,False,False
NtrC-1,ACOTA_REV_SUCCORNTRANSAM-CPLX_mod_pydx5p,ACOTA,SUCCORNTRANSAM-CPLX_mod_pydx5p,b1748,0.0,0.0,False,False
NtrC-3,ACOTA_FWD_SUCCORNTRANSAM-CPLX_mod_pydx5p,ACOTA,SUCCORNTRANSAM-CPLX_mod_pydx5p,b1748,0.0,0.0,False,False
ArcA-1,ACOTA_FWD_SUCCORNTRANSAM-CPLX_mod_pydx5p,ACOTA,SUCCORNTRANSAM-CPLX_mod_pydx5p,b1748,0.0,0.0,False,False
NtrC-1,ACOTA_FWD_SUCCORNTRANSAM-CPLX_mod_pydx5p,ACOTA,SUCCORNTRANSAM-CPLX_mod_pydx5p,b1748,0.0,0.0,False,False
ArcA-1,ACS_FWD_ACS-MONOMER,ACS,ACS-MONOMER,b4069,0.0,0.0,False,False
ArcA-2,ACS_FWD_ACS-MONOMER,ACS,ACS-MONOMER,b4069,0.0,0.0,False,False
NtrC-3,ACSERtex_REV_CPLX0-7534,ACSERtex,CPLX0-7534,b0929,0.0,0.0,False,False
NtrC-3,ACSERtex_FWD_CPLX0-7534,ACSERtex,CPLX0-7534,b0929,0.0,0.0,False,False
NtrC-1,ACt4pp_FWD_YJCG-MONOMER,ACt4pp,YJCG-MONOMER,b4067,0.0,0.0,False,False
NtrC-3,ACtex_REV_CPLX0-7534,ACtex,CPLX0-7534,b0929,0.0,0.0,False,False
NtrC-3,ACtex_FWD_CPLX0-7534,ACtex,CPLX0-7534,b0929,0.0,0.0,False,False
NtrC-3,ADEtex_REV_CPLX0-7534,ADEtex,CPLX0-7534,b0929,0.0,0.0,False,False
NtrC-3,ADEtex_FWD_CPLX0-7534,ADEtex,CPLX0-7534,b0929,1.1866809280576651,0.0,True,True
ArcA-1,ADPRDP_FWD_CPLX0-1221_mod_mg2,ADPRDP,CPLX0-1221_mod_mg2,b3397,0.0,0.0,False,False
NtrC-3,AGMtex_REV_CPLX0-7534,AGMtex,CPLX0-7534,b0929,0.0,0.0,False,False
NtrC-3,AGMtex_FWD_CPLX0-7534,AGMtex,CPLX0-7534,b0929,0.0,0.0,False,False
Fnr-1,AGt3_FWD_CPLX0-1721,AGt3,CPLX0-1721,b0572,0.0,0.0,False,False
ArcA-1,AKGDH_FWD_2OXOGLUTARATEDEH-CPLX_mod_mg2_mod_lipo,AKGDH,2OXOGLUTARATEDEH-CPLX_mod_mg2_mod_lipo,"b0726,b0727",17.477212232393928,4.078045948334089,True,False
ArcA-2,AKGDH_FWD_2OXOGLUTARATEDEH-CPLX_mod_mg2_mod_lipo,AKGDH,2OXOGLUTARATEDEH-CPLX_mod_mg2_mod_lipo,b0116,17.477212232393928,4.078045948334089,True,False
ArcA-1,AKGt2rpp_REV_KGTP-MONOMER,AKGt2rpp,KGTP-MONOMER,b2587,0.0,0.0,False,False
ArcA-1,AKGt2rpp_FWD_KGTP-MONOMER,AKGt2rpp,KGTP-MONOMER,b2587,0.0,0.0,False,False
NtrC-3,AKGtex_REV_CPLX0-7534,AKGtex,CPLX0-7534,b0929,0.0,0.0,False,False
NtrC-3,AKGtex_FWD_CPLX0-7534,AKGtex,CPLX0-7534,b0929,0.0,0.0,False,False
NtrC-3,ALAALAD_FWD_G6782-MONOMER,ALAALAD,G6782-MONOMER,b1488,0.0,0.0,False,False
NtrC-3,ALAALAabcpp_FWD_ABC-59-CPLX,ALAALAabcpp,ABC-59-CPLX,"b1483,b1484,b1485,b1486,b1487",0.0,0.0,False,False
NtrC-3,ALAALAtex_REV_CPLX0-7534,ALAALAtex,CPLX0-7534,b0929,0.0,0.0,False,False
NtrC-3,ALAALAtex_FWD_CPLX0-7534,ALAALAtex,CPLX0-7534,b0929,0.0,0.0,False,False
NtrC-3,ALAt2pp_FWD_CYCA-MONOMER,ALAt2pp,CYCA-MONOMER,b4208,0.0,0.0,False,False
Fnr-2,ALAt4pp_FWD_YAAJ-MONOMER,ALAt4pp,YAAJ-MONOMER,b0007,2.1446732553698706e-11,1.4865794106735378e-11,False,False
NtrC-3,ALAtex_REV_CPLX0-7534,ALAtex,CPLX0-7534,b0929,0.0,0.0,False,False
NtrC-3,ALAtex_FWD_CPLX0-7534,ALAtex,CPLX0-7534,b0929,0.0,0.0,False,False
NtrC-3,ALLTNtex_REV_CPLX0-7534,ALLTNtex,CPLX0-7534,b0929,0.0,0.0,False,False
NtrC-3,ALLTNtex_FWD_CPLX0-7534,ALLTNtex,CPLX0-7534,b0929,0.0,0.0,False,False
NtrC-3,ALLtex_REV_CPLX0-7534,ALLtex,CPLX0-7534,b0929,0.0,0.0,False,False
NtrC-3,ALLtex_FWD_CPLX0-7534,ALLtex,CPLX0-7534,b0929,0.0,0.0,False,False
NtrC-3,ALR2_FWD_G6967-MONOMER,ALR2,G6967-MONOMER,b1781,0.0,0.0,False,False
Fnr-1,ALR4x_FWD_GLYCDEH-CPLX,ALR4x,GLYCDEH-CPLX,b3945,0.0,0.0,False,False
NtrC-3,AMPtex_REV_CPLX0-7534,AMPtex,CPLX0-7534,b0929,0.0,0.0,False,False
NtrC-3,AMPtex_FWD_CPLX0-7534,AMPtex,CPLX0-7534,b0929,0.0,0.0,False,False
NtrC-3,ANHGMtex_REV_CPLX0-7534,ANHGMtex,CPLX0-7534,b0929,0.0,0.0,False,False
NtrC-3,ANHGMtex_FWD_CPLX0-7534,ANHGMtex,CPLX0-7534,b0929,0.0,0.0,False,False
Fnr-1,APPLDHr_REV_GLYCDEH-CPLX,APPLDHr,GLYCDEH-CPLX,b3945,0.0,0.0,False,False
Fnr-1,APPLDHr_FWD_GLYCDEH-CPLX,APPLDHr,GLYCDEH-CPLX,b3945,0.0,0.0,False,False
NtrC-3,ARBTtex_FWD_CPLX0-7534,ARBTtex,CPLX0-7534,b0929,0.0,0.0,False,False
NtrC-3,ARBtex_REV_CPLX0-7534,ARBtex,CPLX0-7534,b0929,0.0,0.0,False,False
NtrC-3,ARBtex_FWD_CPLX0-7534,ARBtex,CPLX0-7534,b0929,0.0,0.0,False,False
NtrC-3,ARGabcpp_FWD_ABC-3-CPLX,ARGabcpp,ABC-3-CPLX,b2310,0.0,0.0,False,False
ArcA-1,ARGabcpp_FWD_ABC-3-CPLX,ARGabcpp,ABC-3-CPLX,b2310,0.0,0.0,False,False
ArcA-2,ARGabcpp_FWD_ABC-3-CPLX,ARGabcpp,ABC-3-CPLX,b2310,0.0,0.0,False,False
NtrC-3,ARGtex_REV_CPLX0-7534,ARGtex,CPLX0-7534,b0929,0.0,0.0,False,False
NtrC-3,ARGtex_FWD_CPLX0-7534,ARGtex,CPLX0-7534,b0929,0.0,0.0,False,False
NtrC-3,ASCBtex_REV_CPLX0-7534,ASCBtex,CPLX0-7534,b0929,0.0,0.0,False,False
NtrC-3,ASCBtex_FWD_CPLX0-7534,ASCBtex,CPLX0-7534,b0929,0.0,0.0,False,False
Fnr-1,ASNNpp_FWD_ANSB-CPLX,ASNNpp,ANSB-CPLX,b2957,2.1509854079359294,2.1437027232425216,True,False
Fnr-2,ASNNpp_FWD_ANSB-CPLX,ASNNpp,ANSB-CPLX,b2957,2.1509854079359294,2.1437027232425216,True,False
NtrC-3,ASNS2_FWD_ASNSYNA-CPLX_mod_mg2,ASNS2,ASNSYNA-CPLX_mod_mg2,b3744,0.1485651042325193,0.0,True,True
NtrC-3,ASNtex_REV_CPLX0-7534,ASNtex,CPLX0-7534,b0929,0.0,0.0,False,False
NtrC-3,ASNtex_FWD_CPLX0-7534,ASNtex,CPLX0-7534,b0929,2.2562245819554767,0.0,True,True
NtrC-3,ASO3tex_REV_CPLX0-7534,ASO3tex,CPLX0-7534,b0929,0.0,0.0,False,False
NtrC-3,ASO3tex_FWD_CPLX0-7534,ASO3tex,CPLX0-7534,b0929,0.0,0.0,False,False
ArcA-1,ASPt2_2pp_FWD_DCTA-MONOMER,ASPt2_2pp,DCTA-MONOMER,b3528,0.0,0.0,False,False
Fnr-1,ASPt2_3pp_FWD_DCUB-MONOMER,ASPt2_3pp,DCUB-MONOMER,b4123,0.0,0.0,False,False
ArcA-2,ASPt2_3pp_FWD_DCUB-MONOMER,ASPt2_3pp,DCUB-MONOMER,b4123,0.0,0.0,False,False
NtrC-3,ASPtex_REV_CPLX0-7534,ASPtex,CPLX0-7534,b0929,0.0,0.0,False,False
NtrC-3,ASPtex_FWD_CPLX0-7534,ASPtex,CPLX0-7534,b0929,2.9953650499538083,0.0,True,True
NtrC-3,AST_FWD_ARGSUCCTRAN-MONOMER,AST,ARGSUCCTRAN-MONOMER,b1747,0.5721793903728452,0.5705814266711762,True,False
NtrC-1,AST_FWD_ARGSUCCTRAN-MONOMER,AST,ARGSUCCTRAN-MONOMER,b1747,0.5721793903728452,0.5705814266711762,True,False
NtrC-3,BALAt2pp_FWD_CYCA-MONOMER,BALAt2pp,CYCA-MONOMER,b4208,0.0,0.0,False,False
NtrC-3,BALAtex_REV_CPLX0-7534,BALAtex,CPLX0-7534,b0929,0.0,0.0,False,False
NtrC-3,BALAtex_FWD_CPLX0-7534,BALAtex,CPLX0-7534,b0929,0.0,0.0,False,False
ArcA-1,BETALDHx_FWD_BADH-CPLX,BETALDHx,BADH-CPLX,b0312,0.0,0.0,False,False
ArcA-1,BETALDHy_FWD_BADH-CPLX,BETALDHy,BADH-CPLX,b0312,0.0,0.0,False,False
NtrC-3,BTNtex_REV_CPLX0-7534,BTNtex,CPLX0-7534,b0929,0.0,0.0,False,False
NtrC-3,BTNtex_FWD_CPLX0-7534,BTNtex,CPLX0-7534,b0929,0.0,0.0,False,False
NtrC-3,BUTSO3tex_REV_CPLX0-7534,BUTSO3tex,CPLX0-7534,b0929,0.0,0.0,False,False
NtrC-3,BUTSO3tex_FWD_CPLX0-7534,BUTSO3tex,CPLX0-7534,b0929,0.0,0.0,False,False
NtrC-3,BUTtex_REV_CPLX0-7534,BUTtex,CPLX0-7534,b0929,0.0,0.0,False,False
NtrC-3,BUTtex_FWD_CPLX0-7534,BUTtex,CPLX0-7534,b0929,0.0,0.0,False,False
NtrC-3,CA2tex_REV_CPLX0-7534,CA2tex,CPLX0-7534,b0929,0.0,0.0,False,False
NtrC-3,CA2tex_FWD_CPLX0-7534,CA2tex,CPLX0-7534,b0929,1.5658912957543776e-11,0.0,False,False
NtrC-3,CD2tex_REV_CPLX0-7534,CD2tex,CPLX0-7534,b0929,0.0,0.0,False,False
NtrC-3,CD2tex_FWD_CPLX0-7534,CD2tex,CPLX0-7534,b0929,0.0,0.0,False,False
NtrC-3,CGLYtex_REV_CPLX0-7534,CGLYtex,CPLX0-7534,b0929,0.0,0.0,False,False
NtrC-3,CGLYtex_FWD_CPLX0-7534,CGLYtex,CPLX0-7534,b0929,0.0,0.0,False,False
ArcA-1,CHLt2pp_FWD_BETT-MONOMER,CHLt2pp,BETT-MONOMER,b0314,1.7272337110188887e-77,0.0,False,False
NtrC-3,CHLtex_REV_CPLX0-7534,CHLtex,CPLX0-7534,b0929,0.0,0.0,False,False
NtrC-3,CHLtex_FWD_CPLX0-7534,CHLtex,CPLX0-7534,b0929,0.0,0.0,False,False
NtrC-3,CHTBStex_REV_CPLX0-7534,CHTBStex,CPLX0-7534,b0929,0.0,0.0,False,False
NtrC-3,CHTBStex_FWD_CPLX0-7534,CHTBStex,CPLX0-7534,b0929,0.0,0.0,False,False
NtrC-3,CITtex_REV_CPLX0-7534,CITtex,CPLX0-7534,b0929,0.0,0.0,False,False
NtrC-3,CITtex_FWD_CPLX0-7534,CITtex,CPLX0-7534,b0929,0.0,0.0,False,False
NtrC-3,CLtex_REV_CPLX0-7534,CLtex,CPLX0-7534,b0929,0.0,0.0,False,False
NtrC-3,CLtex_FWD_CPLX0-7534,CLtex,CPLX0-7534,b0929,0.0,0.0,False,False
NtrC-3,CMPtex_REV_CPLX0-7534,CMPtex,CPLX0-7534,b0929,0.0,0.0,False,False
NtrC-3,CMPtex_FWD_CPLX0-7534,CMPtex,CPLX0-7534,b0929,0.0,0.0,False,False
NtrC-3,CMtex_REV_CPLX0-7534,CMtex,CPLX0-7534,b0929,0.0,0.0,False,False
NtrC-3,CMtex_FWD_CPLX0-7534,CMtex,CPLX0-7534,b0929,0.0,0.0,False,False
NtrC-3,CO2tex_REV_CPLX0-7534,CO2tex,CPLX0-7534,b0929,19.546248088653734,0.0,True,True
NtrC-3,CO2tex_FWD_CPLX0-7534,CO2tex,CPLX0-7534,b0929,0.0,0.0,False,False
NtrC-3,COBALT2tex_REV_CPLX0-7534,COBALT2tex,CPLX0-7534,b0929,0.0,0.0,False,False
NtrC-3,COBALT2tex_FWD_CPLX0-7534,COBALT2tex,CPLX0-7534,b0929,0.00017509158548576414,0.0,True,True
Fnr-2,CPMPS_FWD_EG11595-MONOMER_EG11666-MONOMER,CPMPS,EG11595-MONOMER_EG11666-MONOMER,b0781,1.633445102797888e-07,0.0,True,True
NtrC-3,CRNDtex_REV_CPLX0-7534,CRNDtex,CPLX0-7534,b0929,0.0,0.0,False,False
NtrC-3,CRNDtex_FWD_CPLX0-7534,CRNDtex,CPLX0-7534,b0929,0.0,0.0,False,False
NtrC-3,CRNtex_REV_CPLX0-7534,CRNtex,CPLX0-7534,b0929,0.0,0.0,False,False
NtrC-3,CRNtex_FWD_CPLX0-7534,CRNtex,CPLX0-7534,b0929,0.0,0.0,False,False
ArcA-1,CS_FWD_CITRATE-SI-SYNTHASE,CS,CITRATE-SI-SYNTHASE,b0720,18.785152418986424,4.912320974133353,True,False
NtrC-3,CSND_FWD_CYTDEAM-MONOMER_mod_cobalt2_mod_zn2,CSND,CYTDEAM-MONOMER_mod_cobalt2_mod_zn2,b0337,0.8706832710768784,0.0,True,True
NtrC-3,CSND_FWD_CYTDEAM-MONOMER_mod_fe2_mod_zn2,CSND,CYTDEAM-MONOMER_mod_fe2_mod_zn2,b0337,0.0,0.0,False,False
NtrC-3,CSND_FWD_CYTDEAM-MONOMER_mod_mn2_mod_zn2,CSND,CYTDEAM-MONOMER_mod_mn2_mod_zn2,b0337,0.0,2.043019152178076,False,False
NtrC-3,CSNt2pp_FWD_CODB-MONOMER,CSNt2pp,CODB-MONOMER,b0336,0.8706832710768784,2.043019152178076,True,False
NtrC-3,CSNtex_REV_CPLX0-7534,CSNtex,CPLX0-7534,b0929,0.0,0.0,False,False
NtrC-3,CSNtex_FWD_CPLX0-7534,CSNtex,CPLX0-7534,b0929,0.0,0.0,False,False
ArcA-1,CTECOAI6_REV_FADB-CPLX,CTECOAI6,FADB-CPLX,b3846,4.70197740328915e-38,0.0,False,False
ArcA-1,CTECOAI6_FWD_FADB-CPLX,CTECOAI6,FADB-CPLX,b3846,0.0,0.0,False,False
ArcA-1,CTECOAI7_REV_FADB-CPLX,CTECOAI7,FADB-CPLX,b3846,0.11154271545581802,0.13074319859748856,True,False
ArcA-1,CTECOAI7_FWD_FADB-CPLX,CTECOAI7,FADB-CPLX,b3846,0.0,0.0,False,False
ArcA-1,CTECOAI8_REV_FADB-CPLX,CTECOAI8,FADB-CPLX,b3846,0.0,0.00535667185749879,False,False
ArcA-1,CTECOAI8_FWD_FADB-CPLX,CTECOAI8,FADB-CPLX,b3846,1.3200619780529665e-37,0.0,False,False
NtrC-3,CU2tex_REV_CPLX0-7534,CU2tex,CPLX0-7534,b0929,0.0,0.0,False,False
NtrC-3,CU2tex_FWD_CPLX0-7534,CU2tex,CPLX0-7534,b0929,0.18423795660736653,0.0,True,True
Fnr-1,CUt3_FWD_CPLX0-1721,CUt3,CPLX0-1721,b0572,1.1385113927526822,0.0,True,True
NtrC-3,CUtex_REV_CPLX0-7534,CUtex,CPLX0-7534,b0929,0.0,0.0,False,False
NtrC-3,CUtex_FWD_CPLX0-7534,CUtex,CPLX0-7534,b0929,0.0,0.0,False,False
NtrC-3,CYANtex_REV_CPLX0-7534,CYANtex,CPLX0-7534,b0929,0.0,0.0,False,False
NtrC-3,CYANtex_FWD_CPLX0-7534,CYANtex,CPLX0-7534,b0929,0.0,0.0,False,False
NtrC-3,CYNTtex_REV_CPLX0-7534,CYNTtex,CPLX0-7534,b0929,0.0,0.0,False,False
NtrC-3,CYNTtex_FWD_CPLX0-7534,CYNTtex,CPLX0-7534,b0929,0.0,0.0,False,False
NtrC-3,CYSDtex_REV_CPLX0-7534,CYSDtex,CPLX0-7534,b0929,0.0,0.0,False,False
NtrC-3,CYSDtex_FWD_CPLX0-7534,CYSDtex,CPLX0-7534,b0929,0.0,0.0,False,False
NtrC-3,CYStex_REV_CPLX0-7534,CYStex,CPLX0-7534,b0929,0.0,0.0,False,False
NtrC-3,CYStex_FWD_CPLX0-7534,CYStex,CPLX0-7534,b0929,0.0,0.0,False,False
GadX-1,CYTBD2pp_FWD_APP-UBIOX-CPLX_mod_pheme_mod_hemed,CYTBD2pp,APP-UBIOX-CPLX_mod_pheme_mod_hemed,b0978,28.657670263786827,0.0,True,True
ArcA-1,CYTBDpp_FWD_CYT-D-UBIOX-CPLX_mod_pheme_mod_hemed,CYTBDpp,CYT-D-UBIOX-CPLX_mod_pheme_mod_hemed,"b0733,b0734",0.0,0.0,False,False
Fnr-1,CYTBDpp_FWD_CYT-D-UBIOX-CPLX_mod_pheme_mod_hemed,CYTBDpp,CYT-D-UBIOX-CPLX_mod_pheme_mod_hemed,b0733,0.0,0.0,False,False
GadX-1,CYTBDpp_FWD_APP-UBIOX-CPLX_mod_pheme_mod_hemed,CYTBDpp,APP-UBIOX-CPLX_mod_pheme_mod_hemed,b0978,29.149557357631732,0.0,True,True
ArcA-1,CYTBO3_4pp_FWD_CYT-O-UBIOX-CPLX_mod_pheme_mod_hemeO_mod_cu2,CYTBO3_4pp,CYT-O-UBIOX-CPLX_mod_pheme_mod_hemeO_mod_cu2,b0432,44.21525914411637,29.917481688293915,True,False
ArcA-2,CYTBO3_4pp_FWD_CYT-O-UBIOX-CPLX_mod_pheme_mod_hemeO_mod_cu2,CYTBO3_4pp,CYT-O-UBIOX-CPLX_mod_pheme_mod_hemeO_mod_cu2,"b0429,b0430,b0431,b0432",44.21525914411637,29.917481688293915,True,False
NtrC-3,CYTDtex_REV_CPLX0-7534,CYTDtex,CPLX0-7534,b0929,0.0,0.0,False,False
NtrC-3,CYTDtex_FWD_CPLX0-7534,CYTDtex,CPLX0-7534,b0929,1.7328988018726188,0.0,True,True
ArcA-1,D__LACt2pp_REV_LCTP-MONOMER,D__LACt2pp,LCTP-MONOMER,b3603,0.0,0.0,False,False
ArcA-1,D__LACt2pp_FWD_LCTP-MONOMER,D__LACt2pp,LCTP-MONOMER,b3603,0.0,0.0,False,False
NtrC-3,D__LACtex_REV_CPLX0-7534,D__LACtex,CPLX0-7534,b0929,0.0,0.0,False,False
NtrC-3,D__LACtex_FWD_CPLX0-7534,D__LACtex,CPLX0-7534,b0929,0.0,0.0,False,False
NtrC-3,DALAt2pp_FWD_CYCA-MONOMER,DALAt2pp,CYCA-MONOMER,b4208,4.385074281481601,4.397001222909567,True,False
NtrC-3,DALAtex_REV_CPLX0-7534,DALAtex,CPLX0-7534,b0929,0.0,0.0,False,False
NtrC-3,DALAtex_FWD_CPLX0-7534,DALAtex,CPLX0-7534,b0929,0.0,0.0,False,False
NtrC-3,DAMPtex_REV_CPLX0-7534,DAMPtex,CPLX0-7534,b0929,0.0,0.0,False,False
NtrC-3,DAMPtex_FWD_CPLX0-7534,DAMPtex,CPLX0-7534,b0929,0.0,0.0,False,False
NtrC-3,DAPtex_REV_CPLX0-7534,DAPtex,CPLX0-7534,b0929,0.0,0.0,False,False
NtrC-3,DAPtex_FWD_CPLX0-7534,DAPtex,CPLX0-7534,b0929,0.0,0.0,False,False
NtrC-3,DCAtex_REV_CPLX0-7534,DCAtex,CPLX0-7534,b0929,0.0,0.0,False,False
NtrC-3,DCAtex_FWD_CPLX0-7534,DCAtex,CPLX0-7534,b0929,0.0,0.0,False,False
NtrC-3,DCMPtex_REV_CPLX0-7534,DCMPtex,CPLX0-7534,b0929,0.0,0.0,False,False
NtrC-3,DCMPtex_FWD_CPLX0-7534,DCMPtex,CPLX0-7534,b0929,0.0,0.0,False,False
NtrC-3,DDGLCNtex_REV_CPLX0-7534,DDGLCNtex,CPLX0-7534,b0929,0.0,0.0,False,False
NtrC-3,DDGLCNtex_FWD_CPLX0-7534,DDGLCNtex,CPLX0-7534,b0929,0.0,0.0,False,False
NtrC-3,DGMPtex_REV_CPLX0-7534,DGMPtex,CPLX0-7534,b0929,0.0,0.0,False,False
NtrC-3,DGMPtex_FWD_CPLX0-7534,DGMPtex,CPLX0-7534,b0929,0.0,0.0,False,False
NtrC-3,DGSNtex_REV_CPLX0-7534,DGSNtex,CPLX0-7534,b0929,0.0,0.0,False,False
NtrC-3,DGSNtex_FWD_CPLX0-7534,DGSNtex,CPLX0-7534,b0929,0.0,0.0,False,False
NtrC-3,DHAtex_REV_CPLX0-7534,DHAtex,CPLX0-7534,b0929,0.0,0.0,False,False
NtrC-3,DHAtex_FWD_CPLX0-7534,DHAtex,CPLX0-7534,b0929,0.0,0.0,False,False
NtrC-3,DIMPtex_REV_CPLX0-7534,DIMPtex,CPLX0-7534,b0929,0.0,0.0,False,False
NtrC-3,DIMPtex_FWD_CPLX0-7534,DIMPtex,CPLX0-7534,b0929,0.0,0.0,False,False
NtrC-3,DINStex_REV_CPLX0-7534,DINStex,CPLX0-7534,b0929,0.0,0.0,False,False
NtrC-3,DINStex_FWD_CPLX0-7534,DINStex,CPLX0-7534,b0929,0.0,0.0,False,False
Fnr-1,DMSOR1_FWD_DIMESULFREDUCT-CPLX_mod_bmocogdp,DMSOR1,DIMESULFREDUCT-CPLX_mod_bmocogdp,"b0894,b0895,b0896",0.0,0.0,False,False
Fnr-3,DMSOR1_FWD_DIMESULFREDUCT-CPLX_mod_bmocogdp,DMSOR1,DIMESULFREDUCT-CPLX_mod_bmocogdp,b0894,0.0,0.0,False,False
Fnr-2,DMSOR1_FWD_DIMESULFREDUCT-CPLX_mod_bmocogdp,DMSOR1,DIMESULFREDUCT-CPLX_mod_bmocogdp,b0894,0.0,0.0,False,False
Fnr-1,DMSOR1_FWD_CPLX0-1601,DMSOR1,CPLX0-1601,"b1587,b1588,b1589,b1590",0.0,0.0,False,False
Fnr-3,DMSOR1_FWD_CPLX0-1601,DMSOR1,CPLX0-1601,b1587,0.0,0.0,False,False
Fnr-2,DMSOR1_FWD_CPLX0-1601,DMSOR1,CPLX0-1601,b1587,0.0,0.0,False,False
Fnr-1,DMSOR2_FWD_DIMESULFREDUCT-CPLX_mod_bmocogdp,DMSOR2,DIMESULFREDUCT-CPLX_mod_bmocogdp,"b0894,b0895,b0896",0.0,0.0,False,False
Fnr-3,DMSOR2_FWD_DIMESULFREDUCT-CPLX_mod_bmocogdp,DMSOR2,DIMESULFREDUCT-CPLX_mod_bmocogdp,b0894,0.0,0.0,False,False
Fnr-2,DMSOR2_FWD_DIMESULFREDUCT-CPLX_mod_bmocogdp,DMSOR2,DIMESULFREDUCT-CPLX_mod_bmocogdp,b0894,0.0,0.0,False,False
NtrC-3,DMSOtex_REV_CPLX0-7534,DMSOtex,CPLX0-7534,b0929,0.0,0.0,False,False
NtrC-3,DMSOtex_FWD_CPLX0-7534,DMSOtex,CPLX0-7534,b0929,0.0,0.0,False,False
NtrC-3,DMStex_REV_CPLX0-7534,DMStex,CPLX0-7534,b0929,0.0,0.0,False,False
NtrC-3,DMStex_FWD_CPLX0-7534,DMStex,CPLX0-7534,b0929,0.0,0.0,False,False
NtrC-3,DOPAtex_REV_CPLX0-7534,DOPAtex,CPLX0-7534,b0929,0.0,0.0,False,False
NtrC-3,DOPAtex_FWD_CPLX0-7534,DOPAtex,CPLX0-7534,b0929,0.0,0.0,False,False
NtrC-3,DOXRBCNtex_REV_CPLX0-7534,DOXRBCNtex,CPLX0-7534,b0929,0.0,0.0,False,False
NtrC-3,DOXRBCNtex_FWD_CPLX0-7534,DOXRBCNtex,CPLX0-7534,b0929,0.0,0.0,False,False
NtrC-3,DSERt2pp_FWD_CYCA-MONOMER,DSERt2pp,CYCA-MONOMER,b4208,0.0,0.0,False,False
NtrC-3,DSERtex_REV_CPLX0-7534,DSERtex,CPLX0-7534,b0929,0.0,0.0,False,False
NtrC-3,DSERtex_FWD_CPLX0-7534,DSERtex,CPLX0-7534,b0929,0.0,0.0,False,False
Fnr-1,DTARTD_FWD_FUMARASE-B_mod_4fe4s,DTARTD,FUMARASE-B_mod_4fe4s,b4122,0.0,0.0,False,False
NtrC-3,DTMPtex_REV_CPLX0-7534,DTMPtex,CPLX0-7534,b0929,0.0,0.0,False,False
NtrC-3,DTMPtex_FWD_CPLX0-7534,DTMPtex,CPLX0-7534,b0929,0.0,0.0,False,False
NtrC-3,DUMPtex_REV_CPLX0-7534,DUMPtex,CPLX0-7534,b0929,0.0,0.0,False,False
NtrC-3,DUMPtex_FWD_CPLX0-7534,DUMPtex,CPLX0-7534,b0929,0.0,0.0,False,False
ArcA-1,ECOAH1_REV_FADB-CPLX,ECOAH1,FADB-CPLX,b3846,0.0,0.0,False,False
ArcA-1,ECOAH1_FWD_FADB-CPLX,ECOAH1,FADB-CPLX,b3846,0.2875827074704883,0.0,True,True
ArcA-1,ECOAH2_REV_FADB-CPLX,ECOAH2,FADB-CPLX,b3846,0.0,0.0,False,False
ArcA-1,ECOAH2_FWD_FADB-CPLX,ECOAH2,FADB-CPLX,b3846,0.2875827074704883,0.0,True,True
ArcA-1,ECOAH3_REV_FADB-CPLX,ECOAH3,FADB-CPLX,b3846,0.0,0.0,False,False
ArcA-1,ECOAH3_FWD_FADB-CPLX,ECOAH3,FADB-CPLX,b3846,0.2875827074704883,0.0,True,True
ArcA-1,ECOAH4_REV_FADB-CPLX,ECOAH4,FADB-CPLX,b3846,0.0,0.0,False,False
ArcA-1,ECOAH4_FWD_FADB-CPLX,ECOAH4,FADB-CPLX,b3846,0.28758162469733944,0.0,True,True
ArcA-1,ECOAH5_REV_FADB-CPLX,ECOAH5,FADB-CPLX,b3846,0.0,0.0,False,False
ArcA-1,ECOAH5_FWD_FADB-CPLX,ECOAH5,FADB-CPLX,b3846,0.28758162469733944,0.0,True,True
ArcA-1,ECOAH6_REV_FADB-CPLX,ECOAH6,FADB-CPLX,b3846,0.0,0.0,False,False
ArcA-1,ECOAH6_FWD_FADB-CPLX,ECOAH6,FADB-CPLX,b3846,0.2245211306498905,0.0,True,True
ArcA-1,ECOAH7_REV_FADB-CPLX,ECOAH7,FADB-CPLX,b3846,0.0,0.0,False,False
ArcA-1,ECOAH7_FWD_FADB-CPLX,ECOAH7,FADB-CPLX,b3846,0.2245211306498905,0.0,True,True
ArcA-1,ECOAH8_REV_FADB-CPLX,ECOAH8,FADB-CPLX,b3846,0.0,0.0,False,False
ArcA-1,ECOAH8_FWD_FADB-CPLX,ECOAH8,FADB-CPLX,b3846,6.372367644529807e-58,0.0,False,False
NtrC-3,ETHAtex_REV_CPLX0-7534,ETHAtex,CPLX0-7534,b0929,0.0,0.0,False,False
NtrC-3,ETHAtex_FWD_CPLX0-7534,ETHAtex,CPLX0-7534,b0929,0.0,0.0,False,False
NtrC-3,ETHSO3tex_REV_CPLX0-7534,ETHSO3tex,CPLX0-7534,b0929,0.0,0.0,False,False
NtrC-3,ETHSO3tex_FWD_CPLX0-7534,ETHSO3tex,CPLX0-7534,b0929,0.0,0.0,False,False
NtrC-3,ETOHtex_REV_CPLX0-7534,ETOHtex,CPLX0-7534,b0929,0.0,0.0,False,False
NtrC-3,ETOHtex_FWD_CPLX0-7534,ETOHtex,CPLX0-7534,b0929,0.0,0.0,False,False
NtrC-3,F6Ptex_REV_CPLX0-7534,F6Ptex,CPLX0-7534,b0929,0.0,0.0,False,False
NtrC-3,F6Ptex_FWD_CPLX0-7534,F6Ptex,CPLX0-7534,b0929,0.0,0.0,False,False
NtrC-3,FALDtex_REV_CPLX0-7534,FALDtex,CPLX0-7534,b0929,0.0,0.0,False,False
NtrC-3,FALDtex_FWD_CPLX0-7534,FALDtex,CPLX0-7534,b0929,0.0,0.0,False,False
ArcA-1,FDH4pp_FWD_FORMATEDEHYDROGO-CPLX_mod_bmocogdp,FDH4pp,FORMATEDEHYDROGO-CPLX_mod_bmocogdp,b3894,0.0,0.0,False,False
Fnr-1,FDH4pp_FWD_FORMATEDEHYDROGN-CPLX_mod_bmocogdp,FDH4pp,FORMATEDEHYDROGN-CPLX_mod_bmocogdp,b1475,0.08972118695273437,0.0,True,True
Fnr-3,FDH4pp_FWD_FORMATEDEHYDROGN-CPLX_mod_bmocogdp,FDH4pp,FORMATEDEHYDROGN-CPLX_mod_bmocogdp,b1474,0.08972118695273437,0.0,True,True
ArcA-1,FDH5pp_FWD_FORMATEDEHYDROGO-CPLX_mod_bmocogdp,FDH5pp,FORMATEDEHYDROGO-CPLX_mod_bmocogdp,b3894,0.0,0.0,False,False
Fnr-1,FDH5pp_FWD_FORMATEDEHYDROGN-CPLX_mod_bmocogdp,FDH5pp,FORMATEDEHYDROGN-CPLX_mod_bmocogdp,b1475,0.02732843306728772,0.0,True,True
Fnr-3,FDH5pp_FWD_FORMATEDEHYDROGN-CPLX_mod_bmocogdp,FDH5pp,FORMATEDEHYDROGN-CPLX_mod_bmocogdp,b1474,0.02732843306728772,0.0,True,True
ArcA-1,FE2abcpp_FWD_FEOB-MONOMER,FE2abcpp,FEOB-MONOMER,b3409,0.0,0.0,False,False
NtrC-3,FE2tex_REV_CPLX0-7534,FE2tex,CPLX0-7534,b0929,0.0,0.0,False,False
NtrC-3,FE2tex_FWD_CPLX0-7534,FE2tex,CPLX0-7534,b0929,0.0003714416487952513,0.0,True,True
ArcA-1,FE3DHBZStonex_FWD_G6414-MONOMER_CPLX0-1923,FE3DHBZStonex,G6414-MONOMER_CPLX0-1923,b0805,0.0,0.0,False,False
NtrC-3,FE3tex_REV_CPLX0-7534,FE3tex,CPLX0-7534,b0929,0.0,0.0,False,False
NtrC-3,FE3tex_FWD_CPLX0-7534,FE3tex,CPLX0-7534,b0929,1.0573135620989248e-07,0.0,True,True
Fnr-3,FORt2pp_FWD_CPLX0-7843,FORt2pp,CPLX0-7843,b0904,0.0,0.0,False,False
NtrC-3,FORtex_REV_CPLX0-7534,FORtex,CPLX0-7534,b0929,0.0,0.0,False,False
NtrC-3,FORtex_FWD_CPLX0-7534,FORtex,CPLX0-7534,b0929,0.0,0.0,False,False
Fnr-3,FORtppi_FWD_CPLX0-7843,FORtppi,CPLX0-7843,b0904,0.08972118695273437,0.0,True,True
Fnr-1,FRD2_FWD_FUMARATE-REDUCTASE_mod_1:pheme_mod_3fe4s_mod_4fe4s_mod_fad_mod_2fe2s,FRD2,FUMARATE-REDUCTASE_mod_1:pheme_mod_3fe4s_mod_4fe4s_mod_fad_mod_2fe2s,"b4151,b4152,b4153,b4154",0.0,0.0,False,False
Fnr-2,FRD2_FWD_FUMARATE-REDUCTASE_mod_1:pheme_mod_3fe4s_mod_4fe4s_mod_fad_mod_2fe2s,FRD2,FUMARATE-REDUCTASE_mod_1:pheme_mod_3fe4s_mod_4fe4s_mod_fad_mod_2fe2s,b4154,0.0,0.0,False,False
Fnr-1,FRD3_FWD_FUMARATE-REDUCTASE_mod_1:pheme_mod_3fe4s_mod_4fe4s_mod_fad_mod_2fe2s,FRD3,FUMARATE-REDUCTASE_mod_1:pheme_mod_3fe4s_mod_4fe4s_mod_fad_mod_2fe2s,"b4151,b4152,b4153,b4154",0.0,0.0,False,False
Fnr-2,FRD3_FWD_FUMARATE-REDUCTASE_mod_1:pheme_mod_3fe4s_mod_4fe4s_mod_fad_mod_2fe2s,FRD3,FUMARATE-REDUCTASE_mod_1:pheme_mod_3fe4s_mod_4fe4s_mod_fad_mod_2fe2s,b4154,0.0,0.0,False,False
NtrC-3,FRULYStex_REV_CPLX0-7534,FRULYStex,CPLX0-7534,b0929,0.0,0.0,False,False
NtrC-3,FRULYStex_FWD_CPLX0-7534,FRULYStex,CPLX0-7534,b0929,0.0,0.0,False,False
NtrC-3,FRUURtex_REV_CPLX0-7534,FRUURtex,CPLX0-7534,b0929,0.0,0.0,False,False
NtrC-3,FRUURtex_FWD_CPLX0-7534,FRUURtex,CPLX0-7534,b0929,0.0,0.0,False,False
NtrC-3,FRUtex_REV_CPLX0-7534,FRUtex,CPLX0-7534,b0929,0.0,0.0,False,False
NtrC-3,FRUtex_FWD_CPLX0-7534,FRUtex,CPLX0-7534,b0929,0.0,0.0,False,False
NtrC-3,FUCtex_REV_CPLX0-7534,FUCtex,CPLX0-7534,b0929,0.0,0.0,False,False
NtrC-3,FUCtex_FWD_CPLX0-7534,FUCtex,CPLX0-7534,b0929,0.0,0.0,False,False
ArcA-1,FUM_REV_FUMARASE-A_mod_4fe4s,FUM,FUMARASE-A_mod_4fe4s,b1612,0.0,0.0,False,False
ArcA-2,FUM_REV_FUMARASE-A_mod_4fe4s,FUM,FUMARASE-A_mod_4fe4s,b1612,0.0,0.0,False,False
ArcA-1,FUM_FWD_FUMARASE-A_mod_4fe4s,FUM,FUMARASE-A_mod_4fe4s,b1612,19.248305700591022,4.77067943407788,True,False
ArcA-2,FUM_FWD_FUMARASE-A_mod_4fe4s,FUM,FUMARASE-A_mod_4fe4s,b1612,19.248305700591022,4.77067943407788,True,False
ArcA-1,FUM_REV_FUMARASE-C,FUM,FUMARASE-C,b1611,0.0,0.0,False,False
ArcA-1,FUM_FWD_FUMARASE-C,FUM,FUMARASE-C,b1611,0.0,0.0,False,False
Fnr-1,FUM_REV_FUMARASE-B_mod_4fe4s,FUM,FUMARASE-B_mod_4fe4s,b4122,0.0,0.0,False,False
Fnr-1,FUM_FWD_FUMARASE-B_mod_4fe4s,FUM,FUMARASE-B_mod_4fe4s,b4122,5.339706791122625,0.0,True,True
ArcA-1,FUMt2_2pp_FWD_DCTA-MONOMER,FUMt2_2pp,DCTA-MONOMER,b3528,0.0,0.0,False,False
Fnr-1,FUMt2_3pp_FWD_DCUC-MONOMER,FUMt2_3pp,DCUC-MONOMER,b0621,0.0,0.0,False,False
Fnr-2,FUMt2_3pp_FWD_DCUC-MONOMER,FUMt2_3pp,DCUC-MONOMER,b0621,0.0,0.0,False,False
Fnr-1,FUMt2_3pp_FWD_DCUB-MONOMER,FUMt2_3pp,DCUB-MONOMER,b4123,0.0,0.0,False,False
ArcA-2,FUMt2_3pp_FWD_DCUB-MONOMER,FUMt2_3pp,DCUB-MONOMER,b4123,0.0,0.0,False,False
NtrC-3,FUMtex_REV_CPLX0-7534,FUMtex,CPLX0-7534,b0929,0.0,0.0,False,False
NtrC-3,FUMtex_FWD_CPLX0-7534,FUMtex,CPLX0-7534,b0929,0.0,0.0,False,False
NtrC-3,FUSAtex_REV_CPLX0-7534,FUSAtex,CPLX0-7534,b0929,0.0,0.0,False,False
NtrC-3,FUSAtex_FWD_CPLX0-7534,FUSAtex,CPLX0-7534,b0929,0.0,0.0,False,False
NtrC-3,G1Ptex_REV_CPLX0-7534,G1Ptex,CPLX0-7534,b0929,0.0,0.0,False,False
NtrC-3,G1Ptex_FWD_CPLX0-7534,G1Ptex,CPLX0-7534,b0929,0.0,0.0,False,False
ArcA-1,G3PCabcpp_FWD_ABC-34-CPLX,G3PCabcpp,ABC-34-CPLX,b3453,1.7272337110188887e-77,0.0,False,False
NtrC-3,G3PCtex_REV_CPLX0-7534,G3PCtex,CPLX0-7534,b0929,0.0,0.0,False,False
NtrC-3,G3PCtex_FWD_CPLX0-7534,G3PCtex,CPLX0-7534,b0929,0.0,0.0,False,False
ArcA-1,G3PEabcpp_FWD_ABC-34-CPLX,G3PEabcpp,ABC-34-CPLX,b3453,0.0,0.0,False,False
NtrC-3,G3PEtex_REV_CPLX0-7534,G3PEtex,CPLX0-7534,b0929,0.0,0.0,False,False
NtrC-3,G3PEtex_FWD_CPLX0-7534,G3PEtex,CPLX0-7534,b0929,0.0,0.0,False,False
ArcA-1,G3PGabcpp_FWD_ABC-34-CPLX,G3PGabcpp,ABC-34-CPLX,b3453,0.0,0.0,False,False
NtrC-3,G3PGtex_REV_CPLX0-7534,G3PGtex,CPLX0-7534,b0929,0.0,0.0,False,False
NtrC-3,G3PGtex_FWD_CPLX0-7534,G3PGtex,CPLX0-7534,b0929,0.0,0.0,False,False
ArcA-1,G3PIabcpp_FWD_ABC-34-CPLX,G3PIabcpp,ABC-34-CPLX,b3453,0.0,0.0,False,False
NtrC-3,G3PItex_REV_CPLX0-7534,G3PItex,CPLX0-7534,b0929,0.0,0.0,False,False
NtrC-3,G3PItex_FWD_CPLX0-7534,G3PItex,CPLX0-7534,b0929,0.0,0.0,False,False
ArcA-1,G3PSabcpp_FWD_ABC-34-CPLX,G3PSabcpp,ABC-34-CPLX,b3453,0.0,0.0,False,False
NtrC-3,G3PStex_REV_CPLX0-7534,G3PStex,CPLX0-7534,b0929,0.0,0.0,False,False
NtrC-3,G3PStex_FWD_CPLX0-7534,G3PStex,CPLX0-7534,b0929,0.0,0.0,False,False
NtrC-3,G6Ptex_REV_CPLX0-7534,G6Ptex,CPLX0-7534,b0929,0.0,0.0,False,False
NtrC-3,G6Ptex_FWD_CPLX0-7534,G6Ptex,CPLX0-7534,b0929,0.0,0.0,False,False
NtrC-3,GAL1Ptex_REV_CPLX0-7534,GAL1Ptex,CPLX0-7534,b0929,0.0,0.0,False,False
NtrC-3,GAL1Ptex_FWD_CPLX0-7534,GAL1Ptex,CPLX0-7534,b0929,0.0,0.0,False,False
NtrC-3,GALBDtex_REV_CPLX0-7534,GALBDtex,CPLX0-7534,b0929,0.0,0.0,False,False
NtrC-3,GALBDtex_FWD_CPLX0-7534,GALBDtex,CPLX0-7534,b0929,0.0,0.0,False,False
NtrC-3,GALCTNLtex_REV_CPLX0-7534,GALCTNLtex,CPLX0-7534,b0929,0.0,0.0,False,False
NtrC-3,GALCTNLtex_FWD_CPLX0-7534,GALCTNLtex,CPLX0-7534,b0929,0.0,0.0,False,False
NtrC-3,GALCTNtex_REV_CPLX0-7534,GALCTNtex,CPLX0-7534,b0929,0.0,0.0,False,False
NtrC-3,GALCTNtex_FWD_CPLX0-7534,GALCTNtex,CPLX0-7534,b0929,0.0,0.0,False,False
NtrC-3,GALCTtex_REV_CPLX0-7534,GALCTtex,CPLX0-7534,b0929,0.0,0.0,False,False
NtrC-3,GALCTtex_FWD_CPLX0-7534,GALCTtex,CPLX0-7534,b0929,0.0,0.0,False,False
NtrC-3,GALTtex_REV_CPLX0-7534,GALTtex,CPLX0-7534,b0929,0.0,0.0,False,False
NtrC-3,GALTtex_FWD_CPLX0-7534,GALTtex,CPLX0-7534,b0929,0.0,0.0,False,False
NtrC-3,GALURtex_REV_CPLX0-7534,GALURtex,CPLX0-7534,b0929,0.0,0.0,False,False
NtrC-3,GALURtex_FWD_CPLX0-7534,GALURtex,CPLX0-7534,b0929,0.0,0.0,False,False
ArcA-1,GALabcpp_FWD_ABC-18-CPLX,GALabcpp,ABC-18-CPLX,"b2149,b2150",0.0,0.0,False,False
NtrC-3,GALtex_REV_CPLX0-7534,GALtex,CPLX0-7534,b0929,0.0,0.0,False,False
NtrC-3,GALtex_FWD_CPLX0-7534,GALtex,CPLX0-7534,b0929,0.0,0.0,False,False
NtrC-3,GAMAN6Ptex_REV_CPLX0-7534,GAMAN6Ptex,CPLX0-7534,b0929,0.0,0.0,False,False
NtrC-3,GAMAN6Ptex_FWD_CPLX0-7534,GAMAN6Ptex,CPLX0-7534,b0929,0.0,0.0,False,False
NtrC-3,GAMtex_REV_CPLX0-7534,GAMtex,CPLX0-7534,b0929,0.0,0.0,False,False
NtrC-3,GAMtex_FWD_CPLX0-7534,GAMtex,CPLX0-7534,b0929,0.0,0.0,False,False
NtrC-3,GBBTNtex_REV_CPLX0-7534,GBBTNtex,CPLX0-7534,b0929,0.0,0.0,False,False
NtrC-3,GBBTNtex_FWD_CPLX0-7534,GBBTNtex,CPLX0-7534,b0929,0.0,0.0,False,False
ArcA-1,GCALDD_FWD_ALD-CPLX,GCALDD,ALD-CPLX,b1415,0.0004960634999999999,0.0004960634999999999,True,False
NtrC-3,GDPtex_REV_CPLX0-7534,GDPtex,CPLX0-7534,b0929,0.0,0.0,False,False
NtrC-3,GDPtex_FWD_CPLX0-7534,GDPtex,CPLX0-7534,b0929,0.0,0.0,False,False
ArcA-1,GGGABAH_FWD_CPLX0-3943,GGGABAH,CPLX0-3943,b1298,0.0,0.0,False,False
ArcA-1,GGPTRCS_FWD_CPLX0-7709_mod_mg2,GGPTRCS,CPLX0-7709_mod_mg2,b1297,0.0,0.0,False,False
ArcA-1,GLCDpp_FWD_GLUCDEHYDROG-MONOMER_mod_pqq,GLCDpp,GLUCDEHYDROG-MONOMER_mod_pqq,b0124,0.0,0.0,False,False
ArcA-2,GLCDpp_FWD_GLUCDEHYDROG-MONOMER_mod_pqq,GLCDpp,GLUCDEHYDROG-MONOMER_mod_pqq,b0124,0.0,0.0,False,False
NtrC-3,GLCNtex_REV_CPLX0-7534,GLCNtex,CPLX0-7534,b0929,0.0,0.0,False,False
NtrC-3,GLCNtex_FWD_CPLX0-7534,GLCNtex,CPLX0-7534,b0929,0.0,0.0,False,False
NtrC-3,GLCRtex_REV_CPLX0-7534,GLCRtex,CPLX0-7534,b0929,0.0,0.0,False,False
NtrC-3,GLCRtex_FWD_CPLX0-7534,GLCRtex,CPLX0-7534,b0929,0.0,0.0,False,False
NtrC-3,GLCUR1Ptex_REV_CPLX0-7534,GLCUR1Ptex,CPLX0-7534,b0929,0.0,0.0,False,False
NtrC-3,GLCUR1Ptex_FWD_CPLX0-7534,GLCUR1Ptex,CPLX0-7534,b0929,0.0,0.0,False,False
NtrC-3,GLCURtex_REV_CPLX0-7534,GLCURtex,CPLX0-7534,b0929,0.0,0.0,False,False
NtrC-3,GLCURtex_FWD_CPLX0-7534,GLCURtex,CPLX0-7534,b0929,0.0,0.0,False,False
ArcA-1,GLCabcpp_FWD_ABC-18-CPLX,GLCabcpp,ABC-18-CPLX,"b2149,b2150",0.0,0.0,False,False
NtrC-3,GLCtex_REV_CPLX0-7534,GLCtex,CPLX0-7534,b0929,0.0,0.0,False,False
NtrC-3,GLCtex_FWD_CPLX0-7534,GLCtex,CPLX0-7534,b0929,10.0,0.0,True,True
ArcA-1,GLNS_FWD_CPLX0-7709_mod_mg2,GLNS,CPLX0-7709_mod_mg2,b1297,20.720990348636086,1.3579572352223048,True,False
NtrC-3,GLNS_FWD_GLUTAMINESYN-OLIGOMER_mod_mn2,GLNS,GLUTAMINESYN-OLIGOMER_mod_mn2,b3870,13.667215788373234,0.0,True,True
NtrC-2,GLNS_FWD_GLUTAMINESYN-OLIGOMER_mod_mn2,GLNS,GLUTAMINESYN-OLIGOMER_mod_mn2,b3870,13.667215788373234,0.0,True,True
NtrC-2,GLNabcpp_FWD_ABC-12-CPLX,GLNabcpp,ABC-12-CPLX,"b0809,b0810,b0811",0.0,0.0,False,False
NtrC-3,GLNtex_REV_CPLX0-7534,GLNtex,CPLX0-7534,b0929,0.0,0.0,False,False
NtrC-3,GLNtex_FWD_CPLX0-7534,GLNtex,CPLX0-7534,b0929,0.0,0.0,False,False
GadX-1,GLUABUTt7pp_REV_XASA-MONOMER,GLUABUTt7pp,XASA-MONOMER,b1492,33.89637974635748,0.0,True,True
GadX-1,GLUABUTt7pp_FWD_XASA-MONOMER,GLUABUTt7pp,XASA-MONOMER,b1492,35.17004558953262,0.0,True,True
GadX-1,GLUDC_FWD_GLUTDECARBOXA-CPLX_mod_pydx5p,GLUDC,GLUTDECARBOXA-CPLX_mod_pydx5p,b3517,0.0,0.0,False,False
GadX-1,GLUDC_FWD_GLUTDECARBOXB-CPLX_mod_pydx5p,GLUDC,GLUTDECARBOXB-CPLX_mod_pydx5p,b1493,5.293888074433765,0.0,True,True
GadX-1,GLUN_FWD_CPLX0-7694,GLUN,CPLX0-7694,b0485,30.377081358336373,0.0,True,True
GadX-2,GLUN_FWD_CPLX0-7694,GLUN,CPLX0-7694,b0485,30.377081358336373,0.0,True,True
Fnr-1,GLUNpp_FWD_ANSB-CPLX,GLUNpp,ANSB-CPLX,b2957,0.0,0.0,False,False
Fnr-2,GLUNpp_FWD_ANSB-CPLX,GLUNpp,ANSB-CPLX,b2957,0.0,0.0,False,False
NtrC-3,GLUtex_REV_CPLX0-7534,GLUtex,CPLX0-7534,b0929,0.0,0.0,False,False
NtrC-3,GLUtex_FWD_CPLX0-7534,GLUtex,CPLX0-7534,b0929,0.0,0.0,False,False
NtrC-3,GLYALDtex_REV_CPLX0-7534,GLYALDtex,CPLX0-7534,b0929,0.0,0.0,False,False
NtrC-3,GLYALDtex_FWD_CPLX0-7534,GLYALDtex,CPLX0-7534,b0929,0.0,0.0,False,False
NtrC-3,GLYBtex_REV_CPLX0-7534,GLYBtex,CPLX0-7534,b0929,0.0,0.0,False,False
NtrC-3,GLYBtex_FWD_CPLX0-7534,GLYBtex,CPLX0-7534,b0929,0.0,0.0,False,False
ArcA-1,GLYC2Pabcpp_FWD_ABC-34-CPLX,GLYC2Pabcpp,ABC-34-CPLX,b3453,0.0,0.0,False,False
NtrC-3,GLYC2Ptex_REV_CPLX0-7534,GLYC2Ptex,CPLX0-7534,b0929,0.0,0.0,False,False
NtrC-3,GLYC2Ptex_FWD_CPLX0-7534,GLYC2Ptex,CPLX0-7534,b0929,0.0,0.0,False,False
ArcA-1,GLYC3Pabcpp_FWD_ABC-34-CPLX,GLYC3Pabcpp,ABC-34-CPLX,b3453,0.0,0.0,False,False
NtrC-3,GLYC3Ptex_REV_CPLX0-7534,GLYC3Ptex,CPLX0-7534,b0929,0.0,0.0,False,False
NtrC-3,GLYC3Ptex_FWD_CPLX0-7534,GLYC3Ptex,CPLX0-7534,b0929,0.0,0.0,False,False
NtrC-3,GLYCAtex_REV_CPLX0-7534,GLYCAtex,CPLX0-7534,b0929,0.0,0.0,False,False
NtrC-3,GLYCAtex_FWD_CPLX0-7534,GLYCAtex,CPLX0-7534,b0929,0.0,0.0,False,False
Fnr-1,GLYCDx_FWD_GLYCDEH-CPLX,GLYCDx,GLYCDEH-CPLX,b3945,0.0,0.0,False,False
ArcA-2,GLYCL_FWD_GCVMULTI-CPLX_mod_lipo,GLYCL,GCVMULTI-CPLX_mod_lipo,b0116,1.294041500900997,1.294236721732137,True,False
ArcA-1,GLYCLTt2rpp_REV_LCTP-MONOMER,GLYCLTt2rpp,LCTP-MONOMER,b3603,0.0,0.00027997650000000004,False,False
ArcA-1,GLYCLTt2rpp_FWD_LCTP-MONOMER,GLYCLTt2rpp,LCTP-MONOMER,b3603,0.0,0.0,False,False
NtrC-1,GLYCLTt4pp_FWD_YJCG-MONOMER,GLYCLTt4pp,YJCG-MONOMER,b4067,2.114867323094057e-12,0.0,False,False
NtrC-3,GLYCLTtex_REV_CPLX0-7534,GLYCLTtex,CPLX0-7534,b0929,0.0,0.0,False,False
NtrC-3,GLYCLTtex_FWD_CPLX0-7534,GLYCLTtex,CPLX0-7534,b0929,0.0,0.0,False,False
NtrC-3,GLYCtex_REV_CPLX0-7534,GLYCtex,CPLX0-7534,b0929,0.0,0.0,False,False
NtrC-3,GLYCtex_FWD_CPLX0-7534,GLYCtex,CPLX0-7534,b0929,0.0,0.0,False,False
NtrC-3,GLYt2pp_FWD_CYCA-MONOMER,GLYt2pp,CYCA-MONOMER,b4208,0.0,0.0,False,False
Fnr-2,GLYt4pp_FWD_YAAJ-MONOMER,GLYt4pp,YAAJ-MONOMER,b0007,8.324229168036271e-12,0.0,False,False
NtrC-3,GLYtex_REV_CPLX0-7534,GLYtex,CPLX0-7534,b0929,0.0,0.0,False,False
NtrC-3,GLYtex_FWD_CPLX0-7534,GLYtex,CPLX0-7534,b0929,0.0,0.0,False,False
NtrC-3,GMPtex_REV_CPLX0-7534,GMPtex,CPLX0-7534,b0929,0.0,0.0,False,False
NtrC-3,GMPtex_FWD_CPLX0-7534,GMPtex,CPLX0-7534,b0929,0.0,0.0,False,False
NtrC-3,GSNtex_REV_CPLX0-7534,GSNtex,CPLX0-7534,b0929,0.0,0.0,False,False
NtrC-3,GSNtex_FWD_CPLX0-7534,GSNtex,CPLX0-7534,b0929,0.0,0.0,False,False
NtrC-3,GTHOXtex_REV_CPLX0-7534,GTHOXtex,CPLX0-7534,b0929,0.0,0.0,False,False
NtrC-3,GTHOXtex_FWD_CPLX0-7534,GTHOXtex,CPLX0-7534,b0929,0.0,0.0,False,False
NtrC-3,GTHRDtex_REV_CPLX0-7534,GTHRDtex,CPLX0-7534,b0929,0.0,0.0,False,False
NtrC-3,GTHRDtex_FWD_CPLX0-7534,GTHRDtex,CPLX0-7534,b0929,0.0,0.0,False,False
NtrC-3,GTPtex_REV_CPLX0-7534,GTPtex,CPLX0-7534,b0929,0.0,0.0,False,False
NtrC-3,GTPtex_FWD_CPLX0-7534,GTPtex,CPLX0-7534,b0929,0.0,0.0,False,False
NtrC-3,GUAD_FWD_G7502-MONOMER_mod_zn2,GUAD,G7502-MONOMER_mod_zn2,b2883,0.3883884201423781,0.4096669579900105,True,False
NtrC-3,H2O2tex_REV_CPLX0-7534,H2O2tex,CPLX0-7534,b0929,0.0,0.0,False,False
NtrC-3,H2O2tex_FWD_CPLX0-7534,H2O2tex,CPLX0-7534,b0929,0.0,0.0,False,False
NtrC-3,H2Otex_REV_CPLX0-7534,H2Otex,CPLX0-7534,b0929,0.0,0.0,False,False
NtrC-3,H2Otex_FWD_CPLX0-7534,H2Otex,CPLX0-7534,b0929,0.0,0.0,False,False
NtrC-3,H2Stex_REV_CPLX0-7534,H2Stex,CPLX0-7534,b0929,0.0,0.0,False,False
NtrC-3,H2Stex_FWD_CPLX0-7534,H2Stex,CPLX0-7534,b0929,0.0,0.0,False,False
NtrC-3,H2tex_REV_CPLX0-7534,H2tex,CPLX0-7534,b0929,0.0,0.0,False,False
NtrC-3,H2tex_FWD_CPLX0-7534,H2tex,CPLX0-7534,b0929,0.0,0.0,False,False
ArcA-1,HACD1_REV_FADB-CPLX,HACD1,FADB-CPLX,b3846,0.0,0.0,False,False
ArcA-1,HACD1_FWD_FADB-CPLX,HACD1,FADB-CPLX,b3846,0.1785959150264742,0.0,True,True
ArcA-1,HACD2_REV_FADB-CPLX,HACD2,FADB-CPLX,b3846,0.0,0.0,False,False
ArcA-1,HACD2_FWD_FADB-CPLX,HACD2,FADB-CPLX,b3846,0.2875827074704883,0.0,True,True
ArcA-1,HACD3_REV_FADB-CPLX,HACD3,FADB-CPLX,b3846,0.0,0.0,False,False
ArcA-1,HACD3_FWD_FADB-CPLX,HACD3,FADB-CPLX,b3846,0.2875827074704883,0.0,True,True
ArcA-1,HACD4_REV_FADB-CPLX,HACD4,FADB-CPLX,b3846,0.0,0.0,False,False
ArcA-1,HACD4_FWD_FADB-CPLX,HACD4,FADB-CPLX,b3846,0.17859448443685447,0.0,True,True
ArcA-1,HACD5_REV_FADB-CPLX,HACD5,FADB-CPLX,b3846,0.0,0.0,False,False
ArcA-1,HACD5_FWD_FADB-CPLX,HACD5,FADB-CPLX,b3846,0.28758162469733944,0.0,True,True
ArcA-1,HACD6_REV_FADB-CPLX,HACD6,FADB-CPLX,b3846,0.0,0.0,False,False
ArcA-1,HACD6_FWD_FADB-CPLX,HACD6,FADB-CPLX,b3846,0.13717758272539446,0.0,True,True
ArcA-1,HACD7_REV_FADB-CPLX,HACD7,FADB-CPLX,b3846,0.0,0.0,False,False
ArcA-1,HACD7_FWD_FADB-CPLX,HACD7,FADB-CPLX,b3846,0.2245211306498905,0.0,True,True
ArcA-1,HACD8_REV_FADB-CPLX,HACD8,FADB-CPLX,b3846,0.0,0.0,False,False
ArcA-1,HACD8_FWD_FADB-CPLX,HACD8,FADB-CPLX,b3846,6.372367644529807e-58,0.0,False,False
NtrC-3,HCINNMtex_REV_CPLX0-7534,HCINNMtex,CPLX0-7534,b0929,0.0,0.0,False,False
NtrC-3,HCINNMtex_FWD_CPLX0-7534,HCINNMtex,CPLX0-7534,b0929,0.0,0.0,False,False
ArcA-2,HEMEOS_FWD_HEMEOSYN-MONOMER_mod_mg2,HEMEOS,HEMEOSYN-MONOMER_mod_mg2,b0428,0.0,1.3896151506833895e-06,False,False
ArcA-2,HEMEOS_FWD_HEMEOSYN-MONOMER_mod_ca2,HEMEOS,HEMEOSYN-MONOMER_mod_ca2,b0428,2.963367109624339e-06,2.054056728876846e-06,True,False
NtrC-3,HG2tex_REV_CPLX0-7534,HG2tex,CPLX0-7534,b0929,0.0,0.0,False,False
NtrC-3,HG2tex_FWD_CPLX0-7534,HG2tex,CPLX0-7534,b0929,0.0,0.0,False,False
NtrC-3,HIStex_REV_CPLX0-7534,HIStex,CPLX0-7534,b0929,0.0,0.0,False,False
NtrC-3,HIStex_FWD_CPLX0-7534,HIStex,CPLX0-7534,b0929,0.0,0.0,False,False
NtrC-3,HOMtex_REV_CPLX0-7534,HOMtex,CPLX0-7534,b0929,0.0,0.0,False,False
NtrC-3,HOMtex_FWD_CPLX0-7534,HOMtex,CPLX0-7534,b0929,0.0,0.0,False,False
NtrC-3,HPPPNtex_REV_CPLX0-7534,HPPPNtex,CPLX0-7534,b0929,0.0,0.0,False,False
NtrC-3,HPPPNtex_FWD_CPLX0-7534,HPPPNtex,CPLX0-7534,b0929,0.0,0.0,False,False
NtrC-3,HXAtex_REV_CPLX0-7534,HXAtex,CPLX0-7534,b0929,0.0,0.0,False,False
NtrC-3,HXAtex_FWD_CPLX0-7534,HXAtex,CPLX0-7534,b0929,0.0,0.0,False,False
Fnr-1,HYD1pp_FWD_FORMHYDROG2-CPLX_mod_ni2_mod_fe2,HYD1pp,FORMHYDROG2-CPLX_mod_ni2_mod_fe2,"b2994,b2995,b2996,b2997",0.0,0.0,False,False
Fnr-3,HYD1pp_FWD_FORMHYDROG2-CPLX_mod_ni2_mod_fe2,HYD1pp,FORMHYDROG2-CPLX_mod_ni2_mod_fe2,b2997,0.0,0.0,False,False
Fnr-1,HYD2pp_FWD_FORMHYDROG2-CPLX_mod_ni2_mod_fe2,HYD2pp,FORMHYDROG2-CPLX_mod_ni2_mod_fe2,"b2994,b2995,b2996,b2997",0.0,0.0,False,False
Fnr-3,HYD2pp_FWD_FORMHYDROG2-CPLX_mod_ni2_mod_fe2,HYD2pp,FORMHYDROG2-CPLX_mod_ni2_mod_fe2,b2997,0.0,0.0,False,False
Fnr-1,HYD3pp_FWD_FORMHYDROG2-CPLX_mod_ni2_mod_fe2,HYD3pp,FORMHYDROG2-CPLX_mod_ni2_mod_fe2,"b2994,b2995,b2996,b2997",0.0,0.0,False,False
Fnr-3,HYD3pp_FWD_FORMHYDROG2-CPLX_mod_ni2_mod_fe2,HYD3pp,FORMHYDROG2-CPLX_mod_ni2_mod_fe2,b2997,0.0,0.0,False,False
NtrC-3,HYXNtex_REV_CPLX0-7534,HYXNtex,CPLX0-7534,b0929,0.0,0.0,False,False
NtrC-3,HYXNtex_FWD_CPLX0-7534,HYXNtex,CPLX0-7534,b0929,0.0,0.0,False,False
NtrC-3,Htex_REV_CPLX0-7534,Htex,CPLX0-7534,b0929,6.8591909936391176,0.0,True,True
NtrC-3,Htex_FWD_CPLX0-7534,Htex,CPLX0-7534,b0929,0.9486748987377652,0.0,True,True
ArcA-2,ICDHyr_REV_ISOCITHASE-CPLX_mod_mg2,ICDHyr,ISOCITHASE-CPLX_mod_mg2,b1136,0.0,0.0,False,False
ArcA-2,ICDHyr_FWD_ISOCITHASE-CPLX_mod_mg2,ICDHyr,ISOCITHASE-CPLX_mod_mg2,b1136,0.0,3.7545938366206224,False,False
ArcA-2,ICDHyr_REV_ISOCITHASE-CPLX_mod_mn2,ICDHyr,ISOCITHASE-CPLX_mod_mn2,b1136,0.0,0.0,False,False
ArcA-2,ICDHyr_FWD_ISOCITHASE-CPLX_mod_mn2,ICDHyr,ISOCITHASE-CPLX_mod_mn2,b1136,18.785152418986424,4.912320974133353,True,False
ArcA-2,ICL_FWD_ISOCIT-LYASE_mod_mn2,ICL,ISOCIT-LYASE_mod_mn2,b4015,0.0,0.0,False,False
ArcA-2,ICL_FWD_ISOCIT-LYASE_mod_mg2,ICL,ISOCIT-LYASE_mod_mg2,b4015,0.0,0.7721616994631221,False,False
NtrC-3,IDONtex_REV_CPLX0-7534,IDONtex,CPLX0-7534,b0929,0.0,0.0,False,False
NtrC-3,IDONtex_FWD_CPLX0-7534,IDONtex,CPLX0-7534,b0929,0.0,0.0,False,False
NtrC-3,ILEtex_REV_CPLX0-7534,ILEtex,CPLX0-7534,b0929,0.0,0.0,False,False
NtrC-3,ILEtex_FWD_CPLX0-7534,ILEtex,CPLX0-7534,b0929,0.0,0.0,False,False
NtrC-3,IMPtex_REV_CPLX0-7534,IMPtex,CPLX0-7534,b0929,0.0,0.0,False,False
NtrC-3,IMPtex_FWD_CPLX0-7534,IMPtex,CPLX0-7534,b0929,0.0,0.0,False,False
NtrC-3,INDOLEtex_REV_CPLX0-7534,INDOLEtex,CPLX0-7534,b0929,0.0,0.0,False,False
NtrC-3,INDOLEtex_FWD_CPLX0-7534,INDOLEtex,CPLX0-7534,b0929,0.0,0.0,False,False
NtrC-3,INSTtex_REV_CPLX0-7534,INSTtex,CPLX0-7534,b0929,0.0,0.0,False,False
NtrC-3,INSTtex_FWD_CPLX0-7534,INSTtex,CPLX0-7534,b0929,0.0,0.0,False,False
NtrC-3,ISETACtex_REV_CPLX0-7534,ISETACtex,CPLX0-7534,b0929,0.0,0.0,False,False
NtrC-3,ISETACtex_FWD_CPLX0-7534,ISETACtex,CPLX0-7534,b0929,0.0,0.0,False,False
NtrC-3,Ktex_REV_CPLX0-7534,Ktex,CPLX0-7534,b0929,0.0,0.0,False,False
NtrC-3,Ktex_FWD_CPLX0-7534,Ktex,CPLX0-7534,b0929,1.7259654861016415e-05,0.0,True,True
ArcA-1,L__LACD2_FWD_L-LACTDEHYDROGFMN-MONOMER_mod_fmn,L__LACD2,L-LACTDEHYDROGFMN-MONOMER_mod_fmn,b3605,0.0,0.0,False,False
ArcA-1,L__LACD3_FWD_L-LACTDEHYDROGFMN-MONOMER_mod_fmn,L__LACD3,L-LACTDEHYDROGFMN-MONOMER_mod_fmn,b3605,0.0,0.0,False,False
ArcA-1,L__LACt2rpp_REV_LCTP-MONOMER,L__LACt2rpp,LCTP-MONOMER,b3603,0.0,0.0,False,False
ArcA-1,L__LACt2rpp_FWD_LCTP-MONOMER,L__LACt2rpp,LCTP-MONOMER,b3603,0.0,0.0,False,False
NtrC-3,L__LACtex_REV_CPLX0-7534,L__LACtex,CPLX0-7534,b0929,0.0,0.0,False,False
NtrC-3,L__LACtex_FWD_CPLX0-7534,L__LACtex,CPLX0-7534,b0929,0.0,0.0,False,False
NtrC-3,LALADGLUtex_REV_CPLX0-7534,LALADGLUtex,CPLX0-7534,b0929,0.0,0.0,False,False
NtrC-3,LALADGLUtex_FWD_CPLX0-7534,LALADGLUtex,CPLX0-7534,b0929,0.0,0.0,False,False
NtrC-3,LALALGLUtex_REV_CPLX0-7534,LALALGLUtex,CPLX0-7534,b0929,0.0,0.0,False,False
NtrC-3,LALALGLUtex_FWD_CPLX0-7534,LALALGLUtex,CPLX0-7534,b0929,0.0,0.0,False,False
Fnr-1,LALDO2x_FWD_GLYCDEH-CPLX,LALDO2x,GLYCDEH-CPLX,b3945,0.0,0.0,False,False
ArcA-1,LCADi_FWD_ALD-CPLX,LCADi,ALD-CPLX,b1415,0.0,0.0,False,False
NtrC-3,LCTStex_REV_CPLX0-7534,LCTStex,CPLX0-7534,b0929,0.0,0.0,False,False
NtrC-3,LCTStex_FWD_CPLX0-7534,LCTStex,CPLX0-7534,b0929,0.0,0.0,False,False
NtrC-3,LEUtex_REV_CPLX0-7534,LEUtex,CPLX0-7534,b0929,0.0,0.0,False,False
NtrC-3,LEUtex_FWD_CPLX0-7534,LEUtex,CPLX0-7534,b0929,0.0,0.0,False,False
NtrC-3,LIPOtex_REV_CPLX0-7534,LIPOtex,CPLX0-7534,b0929,0.0,0.0,False,False
NtrC-3,LIPOtex_FWD_CPLX0-7534,LIPOtex,CPLX0-7534,b0929,0.0,0.0,False,False
NtrC-3,LYSabcpp_FWD_ABC-3-CPLX,LYSabcpp,ABC-3-CPLX,b2310,0.0,0.0,False,False
ArcA-1,LYSabcpp_FWD_ABC-3-CPLX,LYSabcpp,ABC-3-CPLX,b2310,0.0,0.0,False,False
ArcA-2,LYSabcpp_FWD_ABC-3-CPLX,LYSabcpp,ABC-3-CPLX,b2310,0.0,0.0,False,False
NtrC-3,LYStex_REV_CPLX0-7534,LYStex,CPLX0-7534,b0929,0.0,0.0,False,False
NtrC-3,LYStex_FWD_CPLX0-7534,LYStex,CPLX0-7534,b0929,0.0,0.0,False,False
NtrC-3,LYXtex_REV_CPLX0-7534,LYXtex,CPLX0-7534,b0929,0.0,0.0,False,False
NtrC-3,LYXtex_FWD_CPLX0-7534,LYXtex,CPLX0-7534,b0929,0.0,0.0,False,False
ArcA-1,MALDt2_2pp_FWD_DCTA-MONOMER,MALDt2_2pp,DCTA-MONOMER,b3528,0.0,0.0,False,False
NtrC-3,MALDtex_REV_CPLX0-7534,MALDtex,CPLX0-7534,b0929,0.0,0.0,False,False
NtrC-3,MALDtex_FWD_CPLX0-7534,MALDtex,CPLX0-7534,b0929,0.0,0.0,False,False
Fnr-3,MALTHXabcpp_FWD_ABC-16-CPLX,MALTHXabcpp,ABC-16-CPLX,b4034,0.0,0.0,False,False
Fnr-3,MALTPTabcpp_FWD_ABC-16-CPLX,MALTPTabcpp,ABC-16-CPLX,b4034,0.0,0.0,False,False
Fnr-3,MALTTRabcpp_FWD_ABC-16-CPLX,MALTTRabcpp,ABC-16-CPLX,b4034,0.0,0.0,False,False
Fnr-3,MALTTTRabcpp_FWD_ABC-16-CPLX,MALTTTRabcpp,ABC-16-CPLX,b4034,0.0,0.0,False,False
Fnr-3,MALTabcpp_FWD_ABC-16-CPLX,MALTabcpp,ABC-16-CPLX,b4034,0.0,0.0,False,False
ArcA-1,MALt2_2pp_FWD_DCTA-MONOMER,MALt2_2pp,DCTA-MONOMER,b3528,0.0,0.0,False,False
Fnr-1,MALt2_3pp_FWD_DCUB-MONOMER,MALt2_3pp,DCUB-MONOMER,b4123,1.3100429409990353,0.0,True,True
ArcA-2,MALt2_3pp_FWD_DCUB-MONOMER,MALt2_3pp,DCUB-MONOMER,b4123,1.3100429409990353,0.0,True,True
NtrC-3,MALtex_REV_CPLX0-7534,MALtex,CPLX0-7534,b0929,0.0,0.0,False,False
NtrC-3,MALtex_FWD_CPLX0-7534,MALtex,CPLX0-7534,b0929,0.0,0.0,False,False
NtrC-3,MAN6Ptex_REV_CPLX0-7534,MAN6Ptex,CPLX0-7534,b0929,0.0,0.0,False,False
NtrC-3,MAN6Ptex_FWD_CPLX0-7534,MAN6Ptex,CPLX0-7534,b0929,0.0,0.0,False,False
NtrC-3,MANGLYCtex_REV_CPLX0-7534,MANGLYCtex,CPLX0-7534,b0929,0.0,0.0,False,False
NtrC-3,MANGLYCtex_FWD_CPLX0-7534,MANGLYCtex,CPLX0-7534,b0929,0.0,0.0,False,False
NtrC-3,MANtex_REV_CPLX0-7534,MANtex,CPLX0-7534,b0929,0.0,0.0,False,False
NtrC-3,MANtex_FWD_CPLX0-7534,MANtex,CPLX0-7534,b0929,0.0,0.0,False,False
NtrC-3,MCITL2_REV_CPLX0-1021_mod_mg2,MCITL2,CPLX0-1021_mod_mg2,b0331,0.0,0.0,False,False
NtrC-3,MCITL2_FWD_CPLX0-1021_mod_mg2,MCITL2,CPLX0-1021_mod_mg2,b0331,0.0,0.0,False,False
ArcA-2,MDH_REV_MALATE-DEHASE,MDH,MALATE-DEHASE,b3236,26.845703301376968,0.0,True,True
ArcA-2,MDH_FWD_MALATE-DEHASE,MDH,MALATE-DEHASE,b3236,7.789091870646416,4.785904525465323,True,False
ArcA-1,MDH2_FWD_EG12069-MONOMER_mod_fad,MDH2,EG12069-MONOMER_mod_fad,b2210,0.0,0.0,False,False
ArcA-2,MDH2_FWD_EG12069-MONOMER_mod_fad,MDH2,EG12069-MONOMER_mod_fad,b2210,0.0,0.0,False,False
ArcA-1,MDH3_FWD_EG12069-MONOMER_mod_fad,MDH3,EG12069-MONOMER_mod_fad,b2210,1.8752430924749357e-07,0.0,True,True
ArcA-2,MDH3_FWD_EG12069-MONOMER_mod_fad,MDH3,EG12069-MONOMER_mod_fad,b2210,1.8752430924749357e-07,0.0,True,True
NtrC-3,MELIBtex_REV_CPLX0-7534,MELIBtex,CPLX0-7534,b0929,0.0,0.0,False,False
NtrC-3,MELIBtex_FWD_CPLX0-7534,MELIBtex,CPLX0-7534,b0929,0.0,0.0,False,False
NtrC-3,MEOHtex_REV_CPLX0-7534,MEOHtex,CPLX0-7534,b0929,3.0735359479637045e-07,0.0,True,True
NtrC-3,MEOHtex_FWD_CPLX0-7534,MEOHtex,CPLX0-7534,b0929,0.0,0.0,False,False
NtrC-3,METDtex_REV_CPLX0-7534,METDtex,CPLX0-7534,b0929,0.0,0.0,False,False
NtrC-3,METDtex_FWD_CPLX0-7534,METDtex,CPLX0-7534,b0929,0.0,0.0,False,False
Fnr-1,METS_FWD_HOMOCYSMET-MONOMER_mod_zn2,METS,HOMOCYSMET-MONOMER_mod_zn2,b3829,0.1243534622412167,0.12660261684601193,True,False
NtrC-3,METSOX1tex_REV_CPLX0-7534,METSOX1tex,CPLX0-7534,b0929,0.0,0.0,False,False
NtrC-3,METSOX1tex_FWD_CPLX0-7534,METSOX1tex,CPLX0-7534,b0929,0.0,0.0,False,False
NtrC-3,METSOX2tex_REV_CPLX0-7534,METSOX2tex,CPLX0-7534,b0929,0.0,0.0,False,False
NtrC-3,METSOX2tex_FWD_CPLX0-7534,METSOX2tex,CPLX0-7534,b0929,0.0,0.0,False,False
NtrC-3,METtex_REV_CPLX0-7534,METtex,CPLX0-7534,b0929,0.0,0.0,False,False
NtrC-3,METtex_FWD_CPLX0-7534,METtex,CPLX0-7534,b0929,0.0,0.0,False,False
NtrC-3,MG2tex_REV_CPLX0-7534,MG2tex,CPLX0-7534,b0929,0.0,0.0,False,False
NtrC-3,MG2tex_FWD_CPLX0-7534,MG2tex,CPLX0-7534,b0929,0.009644773789453292,0.0,True,True
ArcA-1,MICITDr_REV_CPLX0-7761_mod_4fe4s,MICITDr,CPLX0-7761_mod_4fe4s,b0118,0.0,0.0,False,False
ArcA-2,MICITDr_REV_CPLX0-7761_mod_4fe4s,MICITDr,CPLX0-7761_mod_4fe4s,b0118,0.0,0.0,False,False
ArcA-1,MICITDr_FWD_CPLX0-7761_mod_4fe4s,MICITDr,CPLX0-7761_mod_4fe4s,b0118,0.0,0.0,False,False
ArcA-2,MICITDr_FWD_CPLX0-7761_mod_4fe4s,MICITDr,CPLX0-7761_mod_4fe4s,b0118,0.0,0.0,False,False
NtrC-3,MINCYCtex_REV_CPLX0-7534,MINCYCtex,CPLX0-7534,b0929,0.0,0.0,False,False
NtrC-3,MINCYCtex_FWD_CPLX0-7534,MINCYCtex,CPLX0-7534,b0929,0.0,0.0,False,False
NtrC-3,MMETtex_REV_CPLX0-7534,MMETtex,CPLX0-7534,b0929,0.0,0.0,False,False
NtrC-3,MMETtex_FWD_CPLX0-7534,MMETtex,CPLX0-7534,b0929,0.0,0.0,False,False
NtrC-3,MNLtex_REV_CPLX0-7534,MNLtex,CPLX0-7534,b0929,0.0,0.0,False,False
NtrC-3,MNLtex_FWD_CPLX0-7534,MNLtex,CPLX0-7534,b0929,0.0,0.0,False,False
NtrC-3,MNtex_REV_CPLX0-7534,MNtex,CPLX0-7534,b0929,0.0,0.0,False,False
NtrC-3,MNtex_FWD_CPLX0-7534,MNtex,CPLX0-7534,b0929,0.00015689220570021118,0.0,True,True
NtrC-3,MOBDtex_REV_CPLX0-7534,MOBDtex,CPLX0-7534,b0929,0.0,0.0,False,False
NtrC-3,MOBDtex_FWD_CPLX0-7534,MOBDtex,CPLX0-7534,b0929,6.250810308249784e-08,0.0,True,True
NtrC-3,MSAR_FWD_G6519-MONOMER,MSAR,G6519-MONOMER,b1008,1.561196517601445,1.1096657167109498,True,False
NtrC-3,MSO3tex_REV_CPLX0-7534,MSO3tex,CPLX0-7534,b0929,0.0,0.0,False,False
NtrC-3,MSO3tex_FWD_CPLX0-7534,MSO3tex,CPLX0-7534,b0929,0.0,0.0,False,False
NtrC-3,N2Otex_REV_CPLX0-7534,N2Otex,CPLX0-7534,b0929,0.0,0.0,False,False
NtrC-3,N2Otex_FWD_CPLX0-7534,N2Otex,CPLX0-7534,b0929,0.0,0.0,False,False
NtrC-3,NACtex_REV_CPLX0-7534,NACtex,CPLX0-7534,b0929,0.0,0.0,False,False
NtrC-3,NACtex_FWD_CPLX0-7534,NACtex,CPLX0-7534,b0929,0.0,0.0,False,False
ArcA-1,NADH10_FWD_NADH-DHII-MONOMER_mod_mg2_mod_cu_mod_fad,NADH10,NADH-DHII-MONOMER_mod_mg2_mod_cu_mod_fad,b1109,28.606261620763693,0.0,True,True
ArcA-2,NADH10_FWD_NADH-DHII-MONOMER_mod_mg2_mod_cu_mod_fad,NADH10,NADH-DHII-MONOMER_mod_mg2_mod_cu_mod_fad,b1109,28.606261620763693,0.0,True,True
Fnr-2,NADH10_FWD_NADH-DHII-MONOMER_mod_mg2_mod_cu_mod_fad,NADH10,NADH-DHII-MONOMER_mod_mg2_mod_cu_mod_fad,b1109,28.606261620763693,0.0,True,True
Fnr-1,NADH16pp_FWD_NADH-DHI-CPLX_mod_2fe2s_mod_4fe4s_mod_fmn,NADH16pp,NADH-DHI-CPLX_mod_2fe2s_mod_4fe4s_mod_fmn,b2287,0.0,25.531917108542128,False,False
Fnr-1,NADH17pp_FWD_NADH-DHI-CPLX_mod_2fe2s_mod_4fe4s_mod_fmn,NADH17pp,NADH-DHI-CPLX_mod_2fe2s_mod_4fe4s_mod_fmn,b2287,0.0,0.0,False,False
Fnr-1,NADH18pp_FWD_NADH-DHI-CPLX_mod_2fe2s_mod_4fe4s_mod_fmn,NADH18pp,NADH-DHI-CPLX_mod_2fe2s_mod_4fe4s_mod_fmn,b2287,0.0,0.0,False,False
ArcA-1,NADH5_FWD_NADH-DHII-MONOMER_mod_mg2_mod_cu_mod_fad,NADH5,NADH-DHII-MONOMER_mod_mg2_mod_cu_mod_fad,b1109,37.44677845820258,0.0,True,True
ArcA-2,NADH5_FWD_NADH-DHII-MONOMER_mod_mg2_mod_cu_mod_fad,NADH5,NADH-DHII-MONOMER_mod_mg2_mod_cu_mod_fad,b1109,37.44677845820258,0.0,True,True
Fnr-2,NADH5_FWD_NADH-DHII-MONOMER_mod_mg2_mod_cu_mod_fad,NADH5,NADH-DHII-MONOMER_mod_mg2_mod_cu_mod_fad,b1109,37.44677845820258,0.0,True,True
ArcA-1,NADH9_FWD_NADH-DHII-MONOMER_mod_mg2_mod_cu_mod_fad,NADH9,NADH-DHII-MONOMER_mod_mg2_mod_cu_mod_fad,b1109,0.0,0.0,False,False
ArcA-2,NADH9_FWD_NADH-DHII-MONOMER_mod_mg2_mod_cu_mod_fad,NADH9,NADH-DHII-MONOMER_mod_mg2_mod_cu_mod_fad,b1109,0.0,0.0,False,False
Fnr-2,NADH9_FWD_NADH-DHII-MONOMER_mod_mg2_mod_cu_mod_fad,NADH9,NADH-DHII-MONOMER_mod_mg2_mod_cu_mod_fad,b1109,0.0,0.0,False,False
ArcA-1,NADTRHD_FWD_UDHA-CPLX_mod_fad,NADTRHD,UDHA-CPLX_mod_fad,b3962,0.0,0.0,False,False
NtrC-3,NAtex_REV_CPLX0-7534,NAtex,CPLX0-7534,b0929,0.0,0.0,False,False
NtrC-3,NAtex_FWD_CPLX0-7534,NAtex,CPLX0-7534,b0929,0.0,0.0,False,False
ArcA-1,NDPK1_REV_NUCLEOSIDE-DIP-KIN-CPLX_mod_mn2,NDPK1,NUCLEOSIDE-DIP-KIN-CPLX_mod_mn2,b2518,0.0,0.0,False,False
ArcA-2,NDPK1_REV_NUCLEOSIDE-DIP-KIN-CPLX_mod_mn2,NDPK1,NUCLEOSIDE-DIP-KIN-CPLX_mod_mn2,b2518,0.0,0.0,False,False
ArcA-1,NDPK1_FWD_NUCLEOSIDE-DIP-KIN-CPLX_mod_mn2,NDPK1,NUCLEOSIDE-DIP-KIN-CPLX_mod_mn2,b2518,0.0,0.0,False,False
ArcA-2,NDPK1_FWD_NUCLEOSIDE-DIP-KIN-CPLX_mod_mn2,NDPK1,NUCLEOSIDE-DIP-KIN-CPLX_mod_mn2,b2518,0.0,0.0,False,False
ArcA-1,NDPK1_REV_NUCLEOSIDE-DIP-KIN-CPLX_mod_ca2,NDPK1,NUCLEOSIDE-DIP-KIN-CPLX_mod_ca2,b2518,0.0,0.0,False,False
ArcA-2,NDPK1_REV_NUCLEOSIDE-DIP-KIN-CPLX_mod_ca2,NDPK1,NUCLEOSIDE-DIP-KIN-CPLX_mod_ca2,b2518,0.0,0.0,False,False
ArcA-1,NDPK1_FWD_NUCLEOSIDE-DIP-KIN-CPLX_mod_ca2,NDPK1,NUCLEOSIDE-DIP-KIN-CPLX_mod_ca2,b2518,0.0,0.0,False,False
ArcA-2,NDPK1_FWD_NUCLEOSIDE-DIP-KIN-CPLX_mod_ca2,NDPK1,NUCLEOSIDE-DIP-KIN-CPLX_mod_ca2,b2518,0.0,0.0,False,False
ArcA-1,NDPK1_REV_NUCLEOSIDE-DIP-KIN-CPLX_mod_mg2,NDPK1,NUCLEOSIDE-DIP-KIN-CPLX_mod_mg2,b2518,0.0,0.0,False,False
ArcA-2,NDPK1_REV_NUCLEOSIDE-DIP-KIN-CPLX_mod_mg2,NDPK1,NUCLEOSIDE-DIP-KIN-CPLX_mod_mg2,b2518,0.0,0.0,False,False
ArcA-1,NDPK1_FWD_NUCLEOSIDE-DIP-KIN-CPLX_mod_mg2,NDPK1,NUCLEOSIDE-DIP-KIN-CPLX_mod_mg2,b2518,0.0,0.0,False,False
ArcA-2,NDPK1_FWD_NUCLEOSIDE-DIP-KIN-CPLX_mod_mg2,NDPK1,NUCLEOSIDE-DIP-KIN-CPLX_mod_mg2,b2518,0.0,0.0,False,False
ArcA-1,NDPK2_REV_NUCLEOSIDE-DIP-KIN-CPLX_mod_mn2,NDPK2,NUCLEOSIDE-DIP-KIN-CPLX_mod_mn2,b2518,0.0,0.0,False,False
ArcA-2,NDPK2_REV_NUCLEOSIDE-DIP-KIN-CPLX_mod_mn2,NDPK2,NUCLEOSIDE-DIP-KIN-CPLX_mod_mn2,b2518,0.0,0.0,False,False
ArcA-1,NDPK2_FWD_NUCLEOSIDE-DIP-KIN-CPLX_mod_mn2,NDPK2,NUCLEOSIDE-DIP-KIN-CPLX_mod_mn2,b2518,0.0,0.0,False,False
ArcA-2,NDPK2_FWD_NUCLEOSIDE-DIP-KIN-CPLX_mod_mn2,NDPK2,NUCLEOSIDE-DIP-KIN-CPLX_mod_mn2,b2518,0.0,0.0,False,False
ArcA-1,NDPK2_REV_NUCLEOSIDE-DIP-KIN-CPLX_mod_ca2,NDPK2,NUCLEOSIDE-DIP-KIN-CPLX_mod_ca2,b2518,0.0,0.0,False,False
ArcA-2,NDPK2_REV_NUCLEOSIDE-DIP-KIN-CPLX_mod_ca2,NDPK2,NUCLEOSIDE-DIP-KIN-CPLX_mod_ca2,b2518,0.0,0.0,False,False
ArcA-1,NDPK2_FWD_NUCLEOSIDE-DIP-KIN-CPLX_mod_ca2,NDPK2,NUCLEOSIDE-DIP-KIN-CPLX_mod_ca2,b2518,0.0,0.0,False,False
ArcA-2,NDPK2_FWD_NUCLEOSIDE-DIP-KIN-CPLX_mod_ca2,NDPK2,NUCLEOSIDE-DIP-KIN-CPLX_mod_ca2,b2518,0.0,0.0,False,False
ArcA-1,NDPK2_REV_NUCLEOSIDE-DIP-KIN-CPLX_mod_mg2,NDPK2,NUCLEOSIDE-DIP-KIN-CPLX_mod_mg2,b2518,0.0,0.0,False,False
ArcA-2,NDPK2_REV_NUCLEOSIDE-DIP-KIN-CPLX_mod_mg2,NDPK2,NUCLEOSIDE-DIP-KIN-CPLX_mod_mg2,b2518,0.0,0.0,False,False
ArcA-1,NDPK2_FWD_NUCLEOSIDE-DIP-KIN-CPLX_mod_mg2,NDPK2,NUCLEOSIDE-DIP-KIN-CPLX_mod_mg2,b2518,0.0,0.0,False,False
ArcA-2,NDPK2_FWD_NUCLEOSIDE-DIP-KIN-CPLX_mod_mg2,NDPK2,NUCLEOSIDE-DIP-KIN-CPLX_mod_mg2,b2518,0.0,0.0,False,False
ArcA-1,NDPK3_REV_NUCLEOSIDE-DIP-KIN-CPLX_mod_mn2,NDPK3,NUCLEOSIDE-DIP-KIN-CPLX_mod_mn2,b2518,0.0,0.0,False,False
ArcA-2,NDPK3_REV_NUCLEOSIDE-DIP-KIN-CPLX_mod_mn2,NDPK3,NUCLEOSIDE-DIP-KIN-CPLX_mod_mn2,b2518,0.0,0.0,False,False
ArcA-1,NDPK3_FWD_NUCLEOSIDE-DIP-KIN-CPLX_mod_mn2,NDPK3,NUCLEOSIDE-DIP-KIN-CPLX_mod_mn2,b2518,0.0,0.0,False,False
ArcA-2,NDPK3_FWD_NUCLEOSIDE-DIP-KIN-CPLX_mod_mn2,NDPK3,NUCLEOSIDE-DIP-KIN-CPLX_mod_mn2,b2518,0.0,0.0,False,False
ArcA-1,NDPK3_REV_NUCLEOSIDE-DIP-KIN-CPLX_mod_ca2,NDPK3,NUCLEOSIDE-DIP-KIN-CPLX_mod_ca2,b2518,0.0,0.0,False,False
ArcA-2,NDPK3_REV_NUCLEOSIDE-DIP-KIN-CPLX_mod_ca2,NDPK3,NUCLEOSIDE-DIP-KIN-CPLX_mod_ca2,b2518,0.0,0.0,False,False
ArcA-1,NDPK3_FWD_NUCLEOSIDE-DIP-KIN-CPLX_mod_ca2,NDPK3,NUCLEOSIDE-DIP-KIN-CPLX_mod_ca2,b2518,0.0,0.0,False,False
ArcA-2,NDPK3_FWD_NUCLEOSIDE-DIP-KIN-CPLX_mod_ca2,NDPK3,NUCLEOSIDE-DIP-KIN-CPLX_mod_ca2,b2518,0.0,0.0,False,False
ArcA-1,NDPK3_REV_NUCLEOSIDE-DIP-KIN-CPLX_mod_mg2,NDPK3,NUCLEOSIDE-DIP-KIN-CPLX_mod_mg2,b2518,0.0,0.0,False,False
ArcA-2,NDPK3_REV_NUCLEOSIDE-DIP-KIN-CPLX_mod_mg2,NDPK3,NUCLEOSIDE-DIP-KIN-CPLX_mod_mg2,b2518,0.0,0.0,False,False
ArcA-1,NDPK3_FWD_NUCLEOSIDE-DIP-KIN-CPLX_mod_mg2,NDPK3,NUCLEOSIDE-DIP-KIN-CPLX_mod_mg2,b2518,0.0,0.0,False,False
ArcA-2,NDPK3_FWD_NUCLEOSIDE-DIP-KIN-CPLX_mod_mg2,NDPK3,NUCLEOSIDE-DIP-KIN-CPLX_mod_mg2,b2518,0.0,0.0,False,False
ArcA-1,NDPK4_REV_NUCLEOSIDE-DIP-KIN-CPLX_mod_mn2,NDPK4,NUCLEOSIDE-DIP-KIN-CPLX_mod_mn2,b2518,0.0,0.0,False,False
ArcA-2,NDPK4_REV_NUCLEOSIDE-DIP-KIN-CPLX_mod_mn2,NDPK4,NUCLEOSIDE-DIP-KIN-CPLX_mod_mn2,b2518,0.0,0.0,False,False
ArcA-1,NDPK4_FWD_NUCLEOSIDE-DIP-KIN-CPLX_mod_mn2,NDPK4,NUCLEOSIDE-DIP-KIN-CPLX_mod_mn2,b2518,0.0,0.0,False,False
ArcA-2,NDPK4_FWD_NUCLEOSIDE-DIP-KIN-CPLX_mod_mn2,NDPK4,NUCLEOSIDE-DIP-KIN-CPLX_mod_mn2,b2518,0.0,0.0,False,False
ArcA-1,NDPK4_REV_NUCLEOSIDE-DIP-KIN-CPLX_mod_ca2,NDPK4,NUCLEOSIDE-DIP-KIN-CPLX_mod_ca2,b2518,0.0,0.0,False,False
ArcA-2,NDPK4_REV_NUCLEOSIDE-DIP-KIN-CPLX_mod_ca2,NDPK4,NUCLEOSIDE-DIP-KIN-CPLX_mod_ca2,b2518,0.0,0.0,False,False
ArcA-1,NDPK4_FWD_NUCLEOSIDE-DIP-KIN-CPLX_mod_ca2,NDPK4,NUCLEOSIDE-DIP-KIN-CPLX_mod_ca2,b2518,0.0,0.0,False,False
ArcA-2,NDPK4_FWD_NUCLEOSIDE-DIP-KIN-CPLX_mod_ca2,NDPK4,NUCLEOSIDE-DIP-KIN-CPLX_mod_ca2,b2518,0.0,0.0,False,False
ArcA-1,NDPK4_REV_NUCLEOSIDE-DIP-KIN-CPLX_mod_mg2,NDPK4,NUCLEOSIDE-DIP-KIN-CPLX_mod_mg2,b2518,0.0,0.0,False,False
ArcA-2,NDPK4_REV_NUCLEOSIDE-DIP-KIN-CPLX_mod_mg2,NDPK4,NUCLEOSIDE-DIP-KIN-CPLX_mod_mg2,b2518,0.0,0.0,False,False
ArcA-1,NDPK4_FWD_NUCLEOSIDE-DIP-KIN-CPLX_mod_mg2,NDPK4,NUCLEOSIDE-DIP-KIN-CPLX_mod_mg2,b2518,0.0,0.0,False,False
ArcA-2,NDPK4_FWD_NUCLEOSIDE-DIP-KIN-CPLX_mod_mg2,NDPK4,NUCLEOSIDE-DIP-KIN-CPLX_mod_mg2,b2518,0.0,0.0,False,False
ArcA-1,NDPK5_REV_NUCLEOSIDE-DIP-KIN-CPLX_mod_mn2,NDPK5,NUCLEOSIDE-DIP-KIN-CPLX_mod_mn2,b2518,0.0,0.0,False,False
ArcA-2,NDPK5_REV_NUCLEOSIDE-DIP-KIN-CPLX_mod_mn2,NDPK5,NUCLEOSIDE-DIP-KIN-CPLX_mod_mn2,b2518,0.0,0.0,False,False
ArcA-1,NDPK5_FWD_NUCLEOSIDE-DIP-KIN-CPLX_mod_mn2,NDPK5,NUCLEOSIDE-DIP-KIN-CPLX_mod_mn2,b2518,0.0,0.0,False,False
ArcA-2,NDPK5_FWD_NUCLEOSIDE-DIP-KIN-CPLX_mod_mn2,NDPK5,NUCLEOSIDE-DIP-KIN-CPLX_mod_mn2,b2518,0.0,0.0,False,False
ArcA-1,NDPK5_REV_NUCLEOSIDE-DIP-KIN-CPLX_mod_ca2,NDPK5,NUCLEOSIDE-DIP-KIN-CPLX_mod_ca2,b2518,0.0,0.0,False,False
ArcA-2,NDPK5_REV_NUCLEOSIDE-DIP-KIN-CPLX_mod_ca2,NDPK5,NUCLEOSIDE-DIP-KIN-CPLX_mod_ca2,b2518,0.0,0.0,False,False
ArcA-1,NDPK5_FWD_NUCLEOSIDE-DIP-KIN-CPLX_mod_ca2,NDPK5,NUCLEOSIDE-DIP-KIN-CPLX_mod_ca2,b2518,0.0,0.0,False,False
ArcA-2,NDPK5_FWD_NUCLEOSIDE-DIP-KIN-CPLX_mod_ca2,NDPK5,NUCLEOSIDE-DIP-KIN-CPLX_mod_ca2,b2518,0.0,0.0,False,False
ArcA-1,NDPK5_REV_NUCLEOSIDE-DIP-KIN-CPLX_mod_mg2,NDPK5,NUCLEOSIDE-DIP-KIN-CPLX_mod_mg2,b2518,0.0,0.0,False,False
ArcA-2,NDPK5_REV_NUCLEOSIDE-DIP-KIN-CPLX_mod_mg2,NDPK5,NUCLEOSIDE-DIP-KIN-CPLX_mod_mg2,b2518,0.0,0.0,False,False
ArcA-1,NDPK5_FWD_NUCLEOSIDE-DIP-KIN-CPLX_mod_mg2,NDPK5,NUCLEOSIDE-DIP-KIN-CPLX_mod_mg2,b2518,0.0,0.0,False,False
ArcA-2,NDPK5_FWD_NUCLEOSIDE-DIP-KIN-CPLX_mod_mg2,NDPK5,NUCLEOSIDE-DIP-KIN-CPLX_mod_mg2,b2518,0.0,0.0,False,False
ArcA-1,NDPK6_REV_NUCLEOSIDE-DIP-KIN-CPLX_mod_mn2,NDPK6,NUCLEOSIDE-DIP-KIN-CPLX_mod_mn2,b2518,0.0,0.0,False,False
ArcA-2,NDPK6_REV_NUCLEOSIDE-DIP-KIN-CPLX_mod_mn2,NDPK6,NUCLEOSIDE-DIP-KIN-CPLX_mod_mn2,b2518,0.0,0.0,False,False
ArcA-1,NDPK6_FWD_NUCLEOSIDE-DIP-KIN-CPLX_mod_mn2,NDPK6,NUCLEOSIDE-DIP-KIN-CPLX_mod_mn2,b2518,0.0,0.0,False,False
ArcA-2,NDPK6_FWD_NUCLEOSIDE-DIP-KIN-CPLX_mod_mn2,NDPK6,NUCLEOSIDE-DIP-KIN-CPLX_mod_mn2,b2518,0.0,0.0,False,False
ArcA-1,NDPK6_REV_NUCLEOSIDE-DIP-KIN-CPLX_mod_ca2,NDPK6,NUCLEOSIDE-DIP-KIN-CPLX_mod_ca2,b2518,0.0,0.0,False,False
ArcA-2,NDPK6_REV_NUCLEOSIDE-DIP-KIN-CPLX_mod_ca2,NDPK6,NUCLEOSIDE-DIP-KIN-CPLX_mod_ca2,b2518,0.0,0.0,False,False
ArcA-1,NDPK6_FWD_NUCLEOSIDE-DIP-KIN-CPLX_mod_ca2,NDPK6,NUCLEOSIDE-DIP-KIN-CPLX_mod_ca2,b2518,0.0,0.0,False,False
ArcA-2,NDPK6_FWD_NUCLEOSIDE-DIP-KIN-CPLX_mod_ca2,NDPK6,NUCLEOSIDE-DIP-KIN-CPLX_mod_ca2,b2518,0.0,0.0,False,False
ArcA-1,NDPK6_REV_NUCLEOSIDE-DIP-KIN-CPLX_mod_mg2,NDPK6,NUCLEOSIDE-DIP-KIN-CPLX_mod_mg2,b2518,0.0,0.0,False,False
ArcA-2,NDPK6_REV_NUCLEOSIDE-DIP-KIN-CPLX_mod_mg2,NDPK6,NUCLEOSIDE-DIP-KIN-CPLX_mod_mg2,b2518,0.0,0.0,False,False
ArcA-1,NDPK6_FWD_NUCLEOSIDE-DIP-KIN-CPLX_mod_mg2,NDPK6,NUCLEOSIDE-DIP-KIN-CPLX_mod_mg2,b2518,0.0,0.0,False,False
ArcA-2,NDPK6_FWD_NUCLEOSIDE-DIP-KIN-CPLX_mod_mg2,NDPK6,NUCLEOSIDE-DIP-KIN-CPLX_mod_mg2,b2518,0.0,0.0,False,False
ArcA-1,NDPK7_REV_NUCLEOSIDE-DIP-KIN-CPLX_mod_mn2,NDPK7,NUCLEOSIDE-DIP-KIN-CPLX_mod_mn2,b2518,0.0,0.0,False,False
ArcA-2,NDPK7_REV_NUCLEOSIDE-DIP-KIN-CPLX_mod_mn2,NDPK7,NUCLEOSIDE-DIP-KIN-CPLX_mod_mn2,b2518,0.0,0.0,False,False
ArcA-1,NDPK7_FWD_NUCLEOSIDE-DIP-KIN-CPLX_mod_mn2,NDPK7,NUCLEOSIDE-DIP-KIN-CPLX_mod_mn2,b2518,0.0,0.0,False,False
ArcA-2,NDPK7_FWD_NUCLEOSIDE-DIP-KIN-CPLX_mod_mn2,NDPK7,NUCLEOSIDE-DIP-KIN-CPLX_mod_mn2,b2518,0.0,0.0,False,False
ArcA-1,NDPK7_REV_NUCLEOSIDE-DIP-KIN-CPLX_mod_ca2,NDPK7,NUCLEOSIDE-DIP-KIN-CPLX_mod_ca2,b2518,0.0,0.0,False,False
ArcA-2,NDPK7_REV_NUCLEOSIDE-DIP-KIN-CPLX_mod_ca2,NDPK7,NUCLEOSIDE-DIP-KIN-CPLX_mod_ca2,b2518,0.0,0.0,False,False
ArcA-1,NDPK7_FWD_NUCLEOSIDE-DIP-KIN-CPLX_mod_ca2,NDPK7,NUCLEOSIDE-DIP-KIN-CPLX_mod_ca2,b2518,0.0,0.0,False,False
ArcA-2,NDPK7_FWD_NUCLEOSIDE-DIP-KIN-CPLX_mod_ca2,NDPK7,NUCLEOSIDE-DIP-KIN-CPLX_mod_ca2,b2518,0.0,0.0,False,False
ArcA-1,NDPK7_REV_NUCLEOSIDE-DIP-KIN-CPLX_mod_mg2,NDPK7,NUCLEOSIDE-DIP-KIN-CPLX_mod_mg2,b2518,0.0,0.0,False,False
ArcA-2,NDPK7_REV_NUCLEOSIDE-DIP-KIN-CPLX_mod_mg2,NDPK7,NUCLEOSIDE-DIP-KIN-CPLX_mod_mg2,b2518,0.0,0.0,False,False
ArcA-1,NDPK7_FWD_NUCLEOSIDE-DIP-KIN-CPLX_mod_mg2,NDPK7,NUCLEOSIDE-DIP-KIN-CPLX_mod_mg2,b2518,0.0,0.0,False,False
ArcA-2,NDPK7_FWD_NUCLEOSIDE-DIP-KIN-CPLX_mod_mg2,NDPK7,NUCLEOSIDE-DIP-KIN-CPLX_mod_mg2,b2518,0.0,0.0,False,False
ArcA-1,NDPK8_REV_NUCLEOSIDE-DIP-KIN-CPLX_mod_mn2,NDPK8,NUCLEOSIDE-DIP-KIN-CPLX_mod_mn2,b2518,0.0,0.0,False,False
ArcA-2,NDPK8_REV_NUCLEOSIDE-DIP-KIN-CPLX_mod_mn2,NDPK8,NUCLEOSIDE-DIP-KIN-CPLX_mod_mn2,b2518,0.0,0.0,False,False
ArcA-1,NDPK8_FWD_NUCLEOSIDE-DIP-KIN-CPLX_mod_mn2,NDPK8,NUCLEOSIDE-DIP-KIN-CPLX_mod_mn2,b2518,0.0,0.0,False,False
ArcA-2,NDPK8_FWD_NUCLEOSIDE-DIP-KIN-CPLX_mod_mn2,NDPK8,NUCLEOSIDE-DIP-KIN-CPLX_mod_mn2,b2518,0.0,0.0,False,False
ArcA-1,NDPK8_REV_NUCLEOSIDE-DIP-KIN-CPLX_mod_ca2,NDPK8,NUCLEOSIDE-DIP-KIN-CPLX_mod_ca2,b2518,0.0,0.0,False,False
ArcA-2,NDPK8_REV_NUCLEOSIDE-DIP-KIN-CPLX_mod_ca2,NDPK8,NUCLEOSIDE-DIP-KIN-CPLX_mod_ca2,b2518,0.0,0.0,False,False
ArcA-1,NDPK8_FWD_NUCLEOSIDE-DIP-KIN-CPLX_mod_ca2,NDPK8,NUCLEOSIDE-DIP-KIN-CPLX_mod_ca2,b2518,0.0,0.0,False,False
ArcA-2,NDPK8_FWD_NUCLEOSIDE-DIP-KIN-CPLX_mod_ca2,NDPK8,NUCLEOSIDE-DIP-KIN-CPLX_mod_ca2,b2518,0.0,0.0,False,False
ArcA-1,NDPK8_REV_NUCLEOSIDE-DIP-KIN-CPLX_mod_mg2,NDPK8,NUCLEOSIDE-DIP-KIN-CPLX_mod_mg2,b2518,0.0,0.0,False,False
ArcA-2,NDPK8_REV_NUCLEOSIDE-DIP-KIN-CPLX_mod_mg2,NDPK8,NUCLEOSIDE-DIP-KIN-CPLX_mod_mg2,b2518,0.0,0.0,False,False
ArcA-1,NDPK8_FWD_NUCLEOSIDE-DIP-KIN-CPLX_mod_mg2,NDPK8,NUCLEOSIDE-DIP-KIN-CPLX_mod_mg2,b2518,0.0,0.0,False,False
ArcA-2,NDPK8_FWD_NUCLEOSIDE-DIP-KIN-CPLX_mod_mg2,NDPK8,NUCLEOSIDE-DIP-KIN-CPLX_mod_mg2,b2518,0.0,0.0,False,False
NtrC-3,NH4tex_REV_CPLX0-7534,NH4tex,CPLX0-7534,b0929,0.0,0.0,False,False
NtrC-3,NH4tex_FWD_CPLX0-7534,NH4tex,CPLX0-7534,b0929,8.0,0.0,True,True
NtrC-3,NH4tpp_REV_CPLX0-7532,NH4tpp,CPLX0-7532,b0451,120.74931008884063,0.0,True,True
NtrC-2,NH4tpp_REV_CPLX0-7532,NH4tpp,CPLX0-7532,b0451,120.74931008884063,0.0,True,True
NtrC-3,NH4tpp_FWD_CPLX0-7532,NH4tpp,CPLX0-7532,b0451,24.459671092882047,0.0,True,True
NtrC-2,NH4tpp_FWD_CPLX0-7532,NH4tpp,CPLX0-7532,b0451,24.459671092882047,0.0,True,True
NtrC-3,NI2tex_REV_CPLX0-7534,NI2tex,CPLX0-7534,b0929,12.608366344414835,0.0,True,True
NtrC-3,NI2tex_FWD_CPLX0-7534,NI2tex,CPLX0-7534,b0929,0.0,0.0,False,False
Fnr-3,NI2uabcpp_FWD_ABC-20-CPLX,NI2uabcpp,ABC-20-CPLX,"b3476,b3477",0.0,0.0,False,False
Fnr-2,NI2uabcpp_FWD_ABC-20-CPLX,NI2uabcpp,ABC-20-CPLX,b3476,0.0,0.0,False,False
NtrC-3,NMNtex_REV_CPLX0-7534,NMNtex,CPLX0-7534,b0929,0.0,0.0,False,False
NtrC-3,NMNtex_FWD_CPLX0-7534,NMNtex,CPLX0-7534,b0929,0.0,0.0,False,False
Fnr-1,NO2t2rpp_REV_NARK-MONOMER,NO2t2rpp,NARK-MONOMER,b1223,24.232268112434106,0.0,True,True
Fnr-3,NO2t2rpp_REV_NARK-MONOMER,NO2t2rpp,NARK-MONOMER,b1223,24.232268112434106,0.0,True,True
Fnr-1,NO2t2rpp_FWD_NARK-MONOMER,NO2t2rpp,NARK-MONOMER,b1223,24.232268112434106,0.0,True,True
Fnr-3,NO2t2rpp_FWD_NARK-MONOMER,NO2t2rpp,NARK-MONOMER,b1223,24.232268112434106,0.0,True,True
NtrC-3,NO2tex_REV_CPLX0-7534,NO2tex,CPLX0-7534,b0929,0.0,0.0,False,False
NtrC-3,NO2tex_FWD_CPLX0-7534,NO2tex,CPLX0-7534,b0929,0.0,0.0,False,False
Fnr-2,NO3R1bpp_FWD_NAP-CPLX_mod_bmocogdp,NO3R1bpp,NAP-CPLX_mod_bmocogdp,b2203,0.0,0.0,False,False
Fnr-1,NO3R1pp_FWD_NITRATREDUCTA-CPLX_mod_bmocogdp_mod_3fe4s_mod_4fe4s,NO3R1pp,NITRATREDUCTA-CPLX_mod_bmocogdp_mod_3fe4s_mod_4fe4s,"b1225,b1227",0.0,0.0,False,False
Fnr-3,NO3R1pp_FWD_NITRATREDUCTA-CPLX_mod_bmocogdp_mod_3fe4s_mod_4fe4s,NO3R1pp,NITRATREDUCTA-CPLX_mod_bmocogdp_mod_3fe4s_mod_4fe4s,b1224,0.0,0.0,False,False
Fnr-2,NO3R2bpp_FWD_NAPAB-CPLX_NAPC-MONOMER_mod_bmocogdp,NO3R2bpp,NAPAB-CPLX_NAPC-MONOMER_mod_bmocogdp,b2203,0.0,0.0,False,False
Fnr-1,NO3R2pp_FWD_NITRATREDUCTA-CPLX_mod_bmocogdp_mod_3fe4s_mod_4fe4s,NO3R2pp,NITRATREDUCTA-CPLX_mod_bmocogdp_mod_3fe4s_mod_4fe4s,"b1225,b1227",0.0,0.0,False,False
Fnr-3,NO3R2pp_FWD_NITRATREDUCTA-CPLX_mod_bmocogdp_mod_3fe4s_mod_4fe4s,NO3R2pp,NITRATREDUCTA-CPLX_mod_bmocogdp_mod_3fe4s_mod_4fe4s,b1224,0.0,0.0,False,False
Fnr-1,NO3t7pp_FWD_NARK-MONOMER,NO3t7pp,NARK-MONOMER,b1223,0.0,0.0,False,False
Fnr-3,NO3t7pp_FWD_NARK-MONOMER,NO3t7pp,NARK-MONOMER,b1223,0.0,0.0,False,False
NtrC-3,NO3tex_REV_CPLX0-7534,NO3tex,CPLX0-7534,b0929,0.0,0.0,False,False
NtrC-3,NO3tex_FWD_CPLX0-7534,NO3tex,CPLX0-7534,b0929,0.0,0.0,False,False
NtrC-3,NOtex_REV_CPLX0-7534,NOtex,CPLX0-7534,b0929,0.0,0.0,False,False
NtrC-3,NOtex_FWD_CPLX0-7534,NOtex,CPLX0-7534,b0929,0.0,0.0,False,False
Fnr-1,NTRIR2x_FWD_NITRITREDUCT-CPLX_mod_2fe2s_mod_fad_mod_sheme,NTRIR2x,NITRITREDUCT-CPLX_mod_2fe2s_mod_fad_mod_sheme,b3365,0.0,0.0,False,False
Fnr-3,NTRIR2x_FWD_NITRITREDUCT-CPLX_mod_2fe2s_mod_fad_mod_sheme,NTRIR2x,NITRITREDUCT-CPLX_mod_2fe2s_mod_fad_mod_sheme,"b3365,b3366",0.0,0.0,False,False
Fnr-3,NTRIR3pp_FWD_NRFMULTI-CPLX,NTRIR3pp,NRFMULTI-CPLX,b4073,0.0,0.0,False,False
Fnr-2,NTRIR3pp_FWD_NRFMULTI-CPLX,NTRIR3pp,NRFMULTI-CPLX,"b4070,b4071,b4072,b4073",0.0,0.0,False,False
Fnr-3,NTRIR4pp_FWD_NRFMULTI-CPLX,NTRIR4pp,NRFMULTI-CPLX,b4073,0.0,0.0,False,False
Fnr-2,NTRIR4pp_FWD_NRFMULTI-CPLX,NTRIR4pp,NRFMULTI-CPLX,"b4070,b4071,b4072,b4073",0.0,0.0,False,False
NtrC-3,O2Stex_REV_CPLX0-7534,O2Stex,CPLX0-7534,b0929,0.0,0.0,False,False
NtrC-3,O2Stex_FWD_CPLX0-7534,O2Stex,CPLX0-7534,b0929,0.0,0.0,False,False
NtrC-3,O2tex_REV_CPLX0-7534,O2tex,CPLX0-7534,b0929,0.0,0.0,False,False
NtrC-3,O2tex_FWD_CPLX0-7534,O2tex,CPLX0-7534,b0929,9.852637528448373,0.0,True,True
Fnr-1,OBTFL_FWD_PYRUVFORMLY-INACTIVE-CPLX_mod_glycyl,OBTFL,PYRUVFORMLY-INACTIVE-CPLX_mod_glycyl,b0903,0.0,0.0,False,False
Fnr-1,OBTFL_FWD_PYRUVFORMLY-MONOMER_EG11784-MONOMER_mod_glycyl,OBTFL,PYRUVFORMLY-MONOMER_EG11784-MONOMER_mod_glycyl,b0903,0.0,0.0,False,False
Fnr-3,OBTFL_FWD_PYRUVFORMLY-MONOMER_EG11784-MONOMER_mod_glycyl,OBTFL,PYRUVFORMLY-MONOMER_EG11784-MONOMER_mod_glycyl,b2579,0.0,0.0,False,False
Fnr-2,OBTFL_FWD_PYRUVFORMLY-MONOMER_EG11784-MONOMER_mod_glycyl,OBTFL,PYRUVFORMLY-MONOMER_EG11784-MONOMER_mod_glycyl,b2579,0.0,0.0,False,False
NtrC-3,OCTAtex_REV_CPLX0-7534,OCTAtex,CPLX0-7534,b0929,0.0,0.0,False,False
NtrC-3,OCTAtex_FWD_CPLX0-7534,OCTAtex,CPLX0-7534,b0929,0.0,0.0,False,False
NtrC-3,ORNabcpp_FWD_ABC-3-CPLX,ORNabcpp,ABC-3-CPLX,b2310,0.0,0.0,False,False
ArcA-1,ORNabcpp_FWD_ABC-3-CPLX,ORNabcpp,ABC-3-CPLX,b2310,0.0,0.0,False,False
ArcA-2,ORNabcpp_FWD_ABC-3-CPLX,ORNabcpp,ABC-3-CPLX,b2310,0.0,0.0,False,False
NtrC-3,ORNtex_REV_CPLX0-7534,ORNtex,CPLX0-7534,b0929,0.0,0.0,False,False
NtrC-3,ORNtex_FWD_CPLX0-7534,ORNtex,CPLX0-7534,b0929,0.0,0.0,False,False
ArcA-1,OROTt2_2pp_FWD_DCTA-MONOMER,OROTt2_2pp,DCTA-MONOMER,b3528,0.0,0.0,False,False
NtrC-3,OROTtex_REV_CPLX0-7534,OROTtex,CPLX0-7534,b0929,0.0,0.0,False,False
NtrC-3,OROTtex_FWD_CPLX0-7534,OROTtex,CPLX0-7534,b0929,0.0,0.0,False,False
ArcA-2,P5CD_FWD_PUTA-CPLX,P5CD,PUTA-CPLX,b1014,1.4326349163792425,1.4051162913969244,True,False
NtrC-3,PACALDtex_REV_CPLX0-7534,PACALDtex,CPLX0-7534,b0929,0.0,0.0,False,False
NtrC-3,PACALDtex_FWD_CPLX0-7534,PACALDtex,CPLX0-7534,b0929,0.0,0.0,False,False
ArcA-2,PDH_FWD_PYRUVATEDEH-CPLX_mod_mg2_mod_fad_mod_thmpp_mod_lipo,PDH,PYRUVATEDEH-CPLX_mod_mg2_mod_fad_mod_thmpp_mod_lipo,"b0114,b0115,b0116",19.648023947842102,7.8255830888358044,True,False
NtrC-3,PEAMNtex_REV_CPLX0-7534,PEAMNtex,CPLX0-7534,b0929,0.0,0.0,False,False
NtrC-3,PEAMNtex_FWD_CPLX0-7534,PEAMNtex,CPLX0-7534,b0929,0.0,0.0,False,False
Fnr-1,PFL_FWD_PYRUVFORMLY-INACTIVE-CPLX_mod_glycyl,PFL,PYRUVFORMLY-INACTIVE-CPLX_mod_glycyl,b0903,0.2412556719875158,0.0,True,True
Fnr-1,PFL_FWD_PYRUVFORMLY-MONOMER_EG11784-MONOMER_mod_glycyl,PFL,PYRUVFORMLY-MONOMER_EG11784-MONOMER_mod_glycyl,b0903,0.08678666334921517,0.0,True,True
Fnr-3,PFL_FWD_PYRUVFORMLY-MONOMER_EG11784-MONOMER_mod_glycyl,PFL,PYRUVFORMLY-MONOMER_EG11784-MONOMER_mod_glycyl,b2579,0.08678666334921517,0.0,True,True
Fnr-2,PFL_FWD_PYRUVFORMLY-MONOMER_EG11784-MONOMER_mod_glycyl,PFL,PYRUVFORMLY-MONOMER_EG11784-MONOMER_mod_glycyl,b2579,0.08678666334921517,0.0,True,True
NtrC-3,PGCD_FWD_PGLYCDEHYDROG-CPLX,PGCD,PGLYCDEHYDROG-CPLX,b2913,1.1103386228926853,1.1110695929948011,True,False
NtrC-3,PHEtex_REV_CPLX0-7534,PHEtex,CPLX0-7534,b0929,0.0,0.0,False,False
NtrC-3,PHEtex_FWD_CPLX0-7534,PHEtex,CPLX0-7534,b0929,0.0,0.0,False,False
NtrC-3,PItex_REV_CPLX0-7534,PItex,CPLX0-7534,b0929,0.0,0.0,False,False
NtrC-3,PItex_FWD_CPLX0-7534,PItex,CPLX0-7534,b0929,0.5627807216692123,0.0,True,True
NtrC-3,PNTOtex_REV_CPLX0-7534,PNTOtex,CPLX0-7534,b0929,0.0,0.0,False,False
NtrC-3,PNTOtex_FWD_CPLX0-7534,PNTOtex,CPLX0-7534,b0929,0.0,0.0,False,False
NtrC-3,POAACR_FWD_G6521-MONOMER,POAACR,G6521-MONOMER,b1010,1.561196517601445,1.1096657167109498,True,False
NtrC-3,PPALtex_REV_CPLX0-7534,PPALtex,CPLX0-7534,b0929,0.0,0.0,False,False
NtrC-3,PPALtex_FWD_CPLX0-7534,PPALtex,CPLX0-7534,b0929,0.0,0.0,False,False
NtrC-3,PPAtex_REV_CPLX0-7534,PPAtex,CPLX0-7534,b0929,0.0,0.0,False,False
NtrC-3,PPAtex_FWD_CPLX0-7534,PPAtex,CPLX0-7534,b0929,0.0,0.0,False,False
NtrC-3,PPPNtex_REV_CPLX0-7534,PPPNtex,CPLX0-7534,b0929,0.0,0.0,False,False
NtrC-3,PPPNtex_FWD_CPLX0-7534,PPPNtex,CPLX0-7534,b0929,0.0,0.0,False,False
NtrC-3,PPTtex_REV_CPLX0-7534,PPTtex,CPLX0-7534,b0929,0.0,0.0,False,False
NtrC-3,PPTtex_FWD_CPLX0-7534,PPTtex,CPLX0-7534,b0929,0.0,0.0,False,False
ArcA-2,PROD2_FWD_PUTA-CPLX_mod_fad,PROD2,PUTA-CPLX_mod_fad,b1014,1.4326349163792425,1.4051162913969244,True,False
NtrC-3,PROGLYtex_REV_CPLX0-7534,PROGLYtex,CPLX0-7534,b0929,0.0,0.0,False,False
NtrC-3,PROGLYtex_FWD_CPLX0-7534,PROGLYtex,CPLX0-7534,b0929,0.0,0.0,False,False
NtrC-3,PROtex_REV_CPLX0-7534,PROtex,CPLX0-7534,b0929,0.0,0.0,False,False
NtrC-3,PROtex_FWD_CPLX0-7534,PROtex,CPLX0-7534,b0929,1.4603131220697063,0.0,True,True
NtrC-3,PSCLYStex_REV_CPLX0-7534,PSCLYStex,CPLX0-7534,b0929,0.0,0.0,False,False
NtrC-3,PSCLYStex_FWD_CPLX0-7534,PSCLYStex,CPLX0-7534,b0929,0.0,0.0,False,False
NtrC-3,PSERtex_REV_CPLX0-7534,PSERtex,CPLX0-7534,b0929,0.0,0.0,False,False
NtrC-3,PSERtex_FWD_CPLX0-7534,PSERtex,CPLX0-7534,b0929,0.0,0.0,False,False
NtrC-3,PTRCTA_FWD_G7596-MONOMER_mod_pydx5p,PTRCTA,G7596-MONOMER_mod_pydx5p,b3073,2.2074175876769724,2.2190137276825994,True,False
NtrC-3,PTRCabcpp_FWD_ABC-51-CPLX,PTRCabcpp,ABC-51-CPLX,"b1440,b1441,b1442,b1443",0.0,0.0,False,False
NtrC-3,PTRCtex_REV_CPLX0-7534,PTRCtex,CPLX0-7534,b0929,0.0,0.0,False,False
NtrC-3,PTRCtex_FWD_CPLX0-7534,PTRCtex,CPLX0-7534,b0929,0.0,0.0,False,False
NtrC-3,PYDAMtex_REV_CPLX0-7534,PYDAMtex,CPLX0-7534,b0929,0.0,0.0,False,False
NtrC-3,PYDAMtex_FWD_CPLX0-7534,PYDAMtex,CPLX0-7534,b0929,0.0,0.0,False,False
NtrC-3,PYDXNtex_REV_CPLX0-7534,PYDXNtex,CPLX0-7534,b0929,0.0,0.0,False,False
NtrC-3,PYDXNtex_FWD_CPLX0-7534,PYDXNtex,CPLX0-7534,b0929,0.0,0.0,False,False
NtrC-3,PYDXtex_REV_CPLX0-7534,PYDXtex,CPLX0-7534,b0929,0.0,0.0,False,False
NtrC-3,PYDXtex_FWD_CPLX0-7534,PYDXtex,CPLX0-7534,b0929,0.0,0.0,False,False
NtrC-3,PYROX_FWD_G6523-MONOMER_G6518-MONOMER_mod_fmn,PYROX,G6523-MONOMER_G6518-MONOMER_mod_fmn,"b1007,b1012",1.561196517601445,1.1096657167109498,True,False
NtrC-3,PYRtex_REV_CPLX0-7534,PYRtex,CPLX0-7534,b0929,0.0,0.0,False,False
NtrC-3,PYRtex_FWD_CPLX0-7534,PYRtex,CPLX0-7534,b0929,0.0,0.0,False,False
NtrC-3,QUIN2tex_REV_CPLX0-7534,QUIN2tex,CPLX0-7534,b0929,0.0,0.0,False,False
NtrC-3,QUIN2tex_FWD_CPLX0-7534,QUIN2tex,CPLX0-7534,b0929,0.0,0.0,False,False
NtrC-3,R5Ptex_REV_CPLX0-7534,R5Ptex,CPLX0-7534,b0929,0.0,0.0,False,False
NtrC-3,R5Ptex_FWD_CPLX0-7534,R5Ptex,CPLX0-7534,b0929,0.0,0.0,False,False
NtrC-3,RIBtex_REV_CPLX0-7534,RIBtex,CPLX0-7534,b0929,0.0,0.0,False,False
NtrC-3,RIBtex_FWD_CPLX0-7534,RIBtex,CPLX0-7534,b0929,0.0,0.0,False,False
NtrC-3,RMNtex_REV_CPLX0-7534,RMNtex,CPLX0-7534,b0929,0.0,0.0,False,False
NtrC-3,RMNtex_FWD_CPLX0-7534,RMNtex,CPLX0-7534,b0929,0.0,0.0,False,False
NtrC-3,SADH_FWD_SUCCARGDIHYDRO-MONOMER,SADH,SUCCARGDIHYDRO-MONOMER,b1745,0.5721793903728452,0.5705814266711762,True,False
NtrC-1,SADH_FWD_SUCCARGDIHYDRO-MONOMER,SADH,SUCCARGDIHYDRO-MONOMER,b1745,0.5721793903728452,0.5705814266711762,True,False
NtrC-3,SBTtex_REV_CPLX0-7534,SBTtex,CPLX0-7534,b0929,0.0,0.0,False,False
NtrC-3,SBTtex_FWD_CPLX0-7534,SBTtex,CPLX0-7534,b0929,0.0,0.0,False,False
Fnr-1,SELR_FWD_CPLX0-1601,SELR,CPLX0-1601,"b1587,b1588,b1589,b1590",1.8752430924749357e-07,0.0,True,True
Fnr-3,SELR_FWD_CPLX0-1601,SELR,CPLX0-1601,b1587,1.8752430924749357e-07,0.0,True,True
Fnr-2,SELR_FWD_CPLX0-1601,SELR,CPLX0-1601,b1587,1.8752430924749357e-07,0.0,True,True
NtrC-3,SELtex_REV_CPLX0-7534,SELtex,CPLX0-7534,b0929,0.0,0.0,False,False
NtrC-3,SELtex_FWD_CPLX0-7534,SELtex,CPLX0-7534,b0929,1.8752430924749357e-07,0.0,True,True
ArcA-1,SERt4pp_FWD_YGJU-MONOMER,SERt4pp,YGJU-MONOMER,b3089,4.006133899271618,5.986992950606517e-49,True,True
NtrC-3,SERtex_REV_CPLX0-7534,SERtex,CPLX0-7534,b0929,0.0,0.0,False,False
NtrC-3,SERtex_FWD_CPLX0-7534,SERtex,CPLX0-7534,b0929,0.0,0.0,False,False
NtrC-3,SGDS_FWD_SUCCGLUDESUCC-MONOMER,SGDS,SUCCGLUDESUCC-MONOMER,b1744,0.5721793903728452,0.5705814266711762,True,False
NtrC-1,SGDS_FWD_SUCCGLUDESUCC-MONOMER,SGDS,SUCCGLUDESUCC-MONOMER,b1744,0.5721793903728452,0.5705814266711762,True,False
NtrC-3,SGSAD_FWD_SUCCGLUALDDEHYD-MONOMER,SGSAD,SUCCGLUALDDEHYD-MONOMER,b1746,0.5721793903728452,0.5705814266711762,True,False
NtrC-1,SGSAD_FWD_SUCCGLUALDDEHYD-MONOMER,SGSAD,SUCCGLUALDDEHYD-MONOMER,b1746,0.5721793903728452,0.5705814266711762,True,False
NtrC-3,SKMt2pp_FWD_SHIA-MONOMER,SKMt2pp,SHIA-MONOMER,b1981,0.0,0.0,False,False
NtrC-3,SKMtex_REV_CPLX0-7534,SKMtex,CPLX0-7534,b0929,0.0,0.0,False,False
NtrC-3,SKMtex_FWD_CPLX0-7534,SKMtex,CPLX0-7534,b0929,0.0,0.0,False,False
NtrC-3,SLNTtex_REV_CPLX0-7534,SLNTtex,CPLX0-7534,b0929,0.0,0.0,False,False
NtrC-3,SLNTtex_FWD_CPLX0-7534,SLNTtex,CPLX0-7534,b0929,2.450167654196832e-07,0.0,True,True
NtrC-3,SO2tex_REV_CPLX0-7534,SO2tex,CPLX0-7534,b0929,0.0,0.0,False,False
NtrC-3,SO2tex_FWD_CPLX0-7534,SO2tex,CPLX0-7534,b0929,0.0,0.0,False,False
NtrC-3,SO3tex_REV_CPLX0-7534,SO3tex,CPLX0-7534,b0929,0.0,0.0,False,False
NtrC-3,SO3tex_FWD_CPLX0-7534,SO3tex,CPLX0-7534,b0929,0.0,0.0,False,False
NtrC-3,SO4tex_REV_CPLX0-7534,SO4tex,CPLX0-7534,b0929,0.0,0.0,False,False
NtrC-3,SO4tex_FWD_CPLX0-7534,SO4tex,CPLX0-7534,b0929,0.16223970106483454,0.0,True,True
NtrC-3,SOTA_FWD_SUCCORNTRANSAM-CPLX_mod_pydx5p,SOTA,SUCCORNTRANSAM-CPLX_mod_pydx5p,b1748,0.5721793903728452,0.5705814266711762,True,False
ArcA-1,SOTA_FWD_SUCCORNTRANSAM-CPLX_mod_pydx5p,SOTA,SUCCORNTRANSAM-CPLX_mod_pydx5p,b1748,0.5721793903728452,0.5705814266711762,True,False
NtrC-1,SOTA_FWD_SUCCORNTRANSAM-CPLX_mod_pydx5p,SOTA,SUCCORNTRANSAM-CPLX_mod_pydx5p,b1748,0.5721793903728452,0.5705814266711762,True,False
NtrC-3,SPMDabcpp_FWD_ABC-51-CPLX,SPMDabcpp,ABC-51-CPLX,"b1440,b1441,b1442,b1443",0.0,0.0,False,False
GadX-2,SPMDt3pp_FWD_YDGEF-CPLX,SPMDt3pp,YDGEF-CPLX,b1600,0.0,0.0,False,False
NtrC-3,SPMDtex_REV_CPLX0-7534,SPMDtex,CPLX0-7534,b0929,0.0,0.0,False,False
NtrC-3,SPMDtex_FWD_CPLX0-7534,SPMDtex,CPLX0-7534,b0929,0.0,0.0,False,False
ArcA-2,SPODM_FWD_SUPEROX-DISMUTMN-CPLX_mod_mn2,SPODM,SUPEROX-DISMUTMN-CPLX_mod_mn2,b3908,0.0,0.0,False,False
NtrC-3,SSALy_FWD_CPLX0-7688,SSALy,CPLX0-7688,b2661,4.878892160761546,0.0,True,True
NtrC-1,SSALy_FWD_CPLX0-7688,SSALy,CPLX0-7688,b2661,4.878892160761546,0.0,True,True
Fnr-1,SUCASPtpp_FWD_DCUC-MONOMER,SUCASPtpp,DCUC-MONOMER,b0621,0.0,0.0,False,False
Fnr-2,SUCASPtpp_FWD_DCUC-MONOMER,SUCASPtpp,DCUC-MONOMER,b0621,0.0,0.0,False,False
Fnr-1,SUCASPtpp_FWD_DCUB-MONOMER,SUCASPtpp,DCUB-MONOMER,b4123,0.0,0.0,False,False
ArcA-2,SUCASPtpp_FWD_DCUB-MONOMER,SUCASPtpp,DCUB-MONOMER,b4123,0.0,0.0,False,False
ArcA-1,SUCCt2_2pp_FWD_DCTA-MONOMER,SUCCt2_2pp,DCTA-MONOMER,b3528,0.0,0.0,False,False
Fnr-1,SUCCt2_3pp_FWD_DCUB-MONOMER,SUCCt2_3pp,DCUB-MONOMER,b4123,1.4945836964235042,0.0,True,True
ArcA-2,SUCCt2_3pp_FWD_DCUB-MONOMER,SUCCt2_3pp,DCUB-MONOMER,b4123,1.4945836964235042,0.0,True,True
NtrC-3,SUCCtex_REV_CPLX0-7534,SUCCtex,CPLX0-7534,b0929,0.0,0.0,False,False
NtrC-3,SUCCtex_FWD_CPLX0-7534,SUCCtex,CPLX0-7534,b0929,0.0,0.0,False,False
ArcA-1,SUCDi_FWD_SUCC-DEHASE_mod_3fe4s_mod_fad_mod_2fe2s_mod_4fe4s,SUCDi,SUCC-DEHASE_mod_3fe4s_mod_fad_mod_2fe2s_mod_4fe4s,"b0721,b0722,b0723,b0724",19.111329855112906,4.078058272674463,True,False
ArcA-2,SUCDi_FWD_SUCC-DEHASE_mod_3fe4s_mod_fad_mod_2fe2s_mod_4fe4s,SUCDi,SUCC-DEHASE_mod_3fe4s_mod_fad_mod_2fe2s_mod_4fe4s,"b0723,b0724",19.111329855112906,4.078058272674463,True,False
Fnr-1,SUCFUMtpp_FWD_DCUC-MONOMER,SUCFUMtpp,DCUC-MONOMER,b0621,0.0,0.0,False,False
Fnr-2,SUCFUMtpp_FWD_DCUC-MONOMER,SUCFUMtpp,DCUC-MONOMER,b0621,0.0,0.0,False,False
Fnr-1,SUCFUMtpp_FWD_DCUB-MONOMER,SUCFUMtpp,DCUB-MONOMER,b4123,0.0,0.0,False,False
ArcA-2,SUCFUMtpp_FWD_DCUB-MONOMER,SUCFUMtpp,DCUB-MONOMER,b4123,0.0,0.0,False,False
Fnr-1,SUCMALtpp_FWD_DCUC-MONOMER,SUCMALtpp,DCUC-MONOMER,b0621,0.0,0.0,False,False
Fnr-2,SUCMALtpp_FWD_DCUC-MONOMER,SUCMALtpp,DCUC-MONOMER,b0621,0.0,0.0,False,False
Fnr-1,SUCMALtpp_FWD_DCUB-MONOMER,SUCMALtpp,DCUB-MONOMER,b4123,0.0,0.0,False,False
ArcA-2,SUCMALtpp_FWD_DCUB-MONOMER,SUCMALtpp,DCUB-MONOMER,b4123,0.0,0.0,False,False
ArcA-1,SUCOAS_REV_SUCCCOASYN,SUCOAS,SUCCCOASYN,b0728,17.33143861259247,3.7068752977587818,True,False
ArcA-2,SUCOAS_REV_SUCCCOASYN,SUCOAS,SUCCCOASYN,"b0728,b0729",17.33143861259247,3.7068752977587818,True,False
ArcA-1,SUCOAS_FWD_SUCCCOASYN,SUCOAS,SUCCCOASYN,b0728,0.1943849499005576,0.0,True,True
ArcA-2,SUCOAS_FWD_SUCCCOASYN,SUCOAS,SUCCCOASYN,"b0728,b0729",0.1943849499005576,0.0,True,True
NtrC-3,SUCRtex_REV_CPLX0-7534,SUCRtex,CPLX0-7534,b0929,0.0,0.0,False,False
NtrC-3,SUCRtex_FWD_CPLX0-7534,SUCRtex,CPLX0-7534,b0929,0.0,0.0,False,False
Fnr-1,SUCTARTtpp_FWD_DCUB-MONOMER,SUCTARTtpp,DCUB-MONOMER,b4123,0.0,0.0,False,False
ArcA-2,SUCTARTtpp_FWD_DCUB-MONOMER,SUCTARTtpp,DCUB-MONOMER,b4123,0.0,0.0,False,False
NtrC-3,SULFACtex_REV_CPLX0-7534,SULFACtex,CPLX0-7534,b0929,0.0,0.0,False,False
NtrC-3,SULFACtex_FWD_CPLX0-7534,SULFACtex,CPLX0-7534,b0929,0.0,0.0,False,False
NtrC-3,TARTRDtex_REV_CPLX0-7534,TARTRDtex,CPLX0-7534,b0929,0.0,0.0,False,False
NtrC-3,TARTRDtex_FWD_CPLX0-7534,TARTRDtex,CPLX0-7534,b0929,0.0,0.0,False,False
NtrC-3,TARTRtex_REV_CPLX0-7534,TARTRtex,CPLX0-7534,b0929,0.0,0.0,False,False
NtrC-3,TARTRtex_FWD_CPLX0-7534,TARTRtex,CPLX0-7534,b0929,0.0,0.0,False,False
Fnr-1,TARTt2_3pp_FWD_DCUB-MONOMER,TARTt2_3pp,DCUB-MONOMER,b4123,0.0,0.0,False,False
ArcA-2,TARTt2_3pp_FWD_DCUB-MONOMER,TARTt2_3pp,DCUB-MONOMER,b4123,0.0,0.0,False,False
NtrC-3,TAURtex_REV_CPLX0-7534,TAURtex,CPLX0-7534,b0929,0.0,0.0,False,False
NtrC-3,TAURtex_FWD_CPLX0-7534,TAURtex,CPLX0-7534,b0929,0.0,0.0,False,False
NtrC-3,TCYNTtex_REV_CPLX0-7534,TCYNTtex,CPLX0-7534,b0929,0.0,0.0,False,False
NtrC-3,TCYNTtex_FWD_CPLX0-7534,TCYNTtex,CPLX0-7534,b0929,0.0,0.0,False,False
NtrC-3,THMDtex_REV_CPLX0-7534,THMDtex,CPLX0-7534,b0929,0.0,0.0,False,False
NtrC-3,THMDtex_FWD_CPLX0-7534,THMDtex,CPLX0-7534,b0929,0.0,0.0,False,False
NtrC-3,THMtex_REV_CPLX0-7534,THMtex,CPLX0-7534,b0929,0.0,0.0,False,False
NtrC-3,THMtex_FWD_CPLX0-7534,THMtex,CPLX0-7534,b0929,0.0,0.0,False,False
NtrC-3,THRPtex_REV_CPLX0-7534,THRPtex,CPLX0-7534,b0929,0.0,0.0,False,False
NtrC-3,THRPtex_FWD_CPLX0-7534,THRPtex,CPLX0-7534,b0929,0.0,0.0,False,False
ArcA-1,THRt4pp_FWD_YGJU-MONOMER,THRt4pp,YGJU-MONOMER,b3089,7.54640610961032e-12,0.0,False,False
NtrC-3,THRtex_REV_CPLX0-7534,THRtex,CPLX0-7534,b0929,0.0,0.0,False,False
NtrC-3,THRtex_FWD_CPLX0-7534,THRtex,CPLX0-7534,b0929,0.0,0.0,False,False
NtrC-3,THYMtex_REV_CPLX0-7534,THYMtex,CPLX0-7534,b0929,0.0,0.0,False,False
NtrC-3,THYMtex_FWD_CPLX0-7534,THYMtex,CPLX0-7534,b0929,0.0,0.0,False,False
Fnr-1,TMAOR1_FWD_DIMESULFREDUCT-CPLX_mod_bmocogdp,TMAOR1,DIMESULFREDUCT-CPLX_mod_bmocogdp,"b0894,b0895,b0896",0.0,0.0,False,False
Fnr-3,TMAOR1_FWD_DIMESULFREDUCT-CPLX_mod_bmocogdp,TMAOR1,DIMESULFREDUCT-CPLX_mod_bmocogdp,b0894,0.0,0.0,False,False
Fnr-2,TMAOR1_FWD_DIMESULFREDUCT-CPLX_mod_bmocogdp,TMAOR1,DIMESULFREDUCT-CPLX_mod_bmocogdp,b0894,0.0,0.0,False,False
Fnr-1,TMAOR1_FWD_CPLX0-1601,TMAOR1,CPLX0-1601,"b1587,b1588,b1589,b1590",0.0,0.0,False,False
Fnr-3,TMAOR1_FWD_CPLX0-1601,TMAOR1,CPLX0-1601,b1587,0.0,0.0,False,False
Fnr-2,TMAOR1_FWD_CPLX0-1601,TMAOR1,CPLX0-1601,b1587,0.0,0.0,False,False
Fnr-1,TMAOR2_FWD_DIMESULFREDUCT-CPLX_mod_bmocogdp,TMAOR2,DIMESULFREDUCT-CPLX_mod_bmocogdp,"b0894,b0895,b0896",0.0,0.0,False,False
Fnr-3,TMAOR2_FWD_DIMESULFREDUCT-CPLX_mod_bmocogdp,TMAOR2,DIMESULFREDUCT-CPLX_mod_bmocogdp,b0894,0.0,0.0,False,False
Fnr-2,TMAOR2_FWD_DIMESULFREDUCT-CPLX_mod_bmocogdp,TMAOR2,DIMESULFREDUCT-CPLX_mod_bmocogdp,b0894,0.0,0.0,False,False
NtrC-3,TMAOtex_REV_CPLX0-7534,TMAOtex,CPLX0-7534,b0929,0.0,0.0,False,False
NtrC-3,TMAOtex_FWD_CPLX0-7534,TMAOtex,CPLX0-7534,b0929,0.0,0.0,False,False
NtrC-3,TMAtex_REV_CPLX0-7534,TMAtex,CPLX0-7534,b0929,0.0,0.0,False,False
NtrC-3,TMAtex_FWD_CPLX0-7534,TMAtex,CPLX0-7534,b0929,0.0,0.0,False,False
NtrC-3,TREtex_REV_CPLX0-7534,TREtex,CPLX0-7534,b0929,0.0,0.0,False,False
NtrC-3,TREtex_FWD_CPLX0-7534,TREtex,CPLX0-7534,b0929,0.0,0.0,False,False
NtrC-3,TRPtex_REV_CPLX0-7534,TRPtex,CPLX0-7534,b0929,0.0,0.0,False,False
NtrC-3,TRPtex_FWD_CPLX0-7534,TRPtex,CPLX0-7534,b0929,0.0,0.0,False,False
NtrC-3,TSULtex_REV_CPLX0-7534,TSULtex,CPLX0-7534,b0929,0.0,0.0,False,False
NtrC-3,TSULtex_FWD_CPLX0-7534,TSULtex,CPLX0-7534,b0929,0.0,0.0,False,False
NtrC-3,TTRCYCtex_REV_CPLX0-7534,TTRCYCtex,CPLX0-7534,b0929,0.0,0.0,False,False
NtrC-3,TTRCYCtex_FWD_CPLX0-7534,TTRCYCtex,CPLX0-7534,b0929,0.0,0.0,False,False
NtrC-3,TUNGStex_REV_CPLX0-7534,TUNGStex,CPLX0-7534,b0929,0.0,0.0,False,False
NtrC-3,TUNGStex_FWD_CPLX0-7534,TUNGStex,CPLX0-7534,b0929,0.0,0.0,False,False
NtrC-3,TYMtex_REV_CPLX0-7534,TYMtex,CPLX0-7534,b0929,0.0,0.0,False,False
NtrC-3,TYMtex_FWD_CPLX0-7534,TYMtex,CPLX0-7534,b0929,0.0,0.0,False,False
NtrC-3,TYRPtex_REV_CPLX0-7534,TYRPtex,CPLX0-7534,b0929,0.0,0.0,False,False
NtrC-3,TYRPtex_FWD_CPLX0-7534,TYRPtex,CPLX0-7534,b0929,0.0,0.0,False,False
NtrC-3,TYRtex_REV_CPLX0-7534,TYRtex,CPLX0-7534,b0929,0.0,0.0,False,False
NtrC-3,TYRtex_FWD_CPLX0-7534,TYRtex,CPLX0-7534,b0929,0.0,0.0,False,False
NtrC-3,UACGAMtex_REV_CPLX0-7534,UACGAMtex,CPLX0-7534,b0929,0.0,0.0,False,False
NtrC-3,UACGAMtex_FWD_CPLX0-7534,UACGAMtex,CPLX0-7534,b0929,0.0,0.0,False,False
NtrC-3,UDPACGALtex_REV_CPLX0-7534,UDPACGALtex,CPLX0-7534,b0929,0.0,0.0,False,False
NtrC-3,UDPACGALtex_FWD_CPLX0-7534,UDPACGALtex,CPLX0-7534,b0929,0.0,0.0,False,False
NtrC-3,UDPGALtex_REV_CPLX0-7534,UDPGALtex,CPLX0-7534,b0929,0.0,0.0,False,False
NtrC-3,UDPGALtex_FWD_CPLX0-7534,UDPGALtex,CPLX0-7534,b0929,0.0,0.0,False,False
NtrC-3,UDPGLCURtex_REV_CPLX0-7534,UDPGLCURtex,CPLX0-7534,b0929,0.0,0.0,False,False
NtrC-3,UDPGLCURtex_FWD_CPLX0-7534,UDPGLCURtex,CPLX0-7534,b0929,0.0,0.0,False,False
NtrC-3,UDPGtex_REV_CPLX0-7534,UDPGtex,CPLX0-7534,b0929,0.0,0.0,False,False
NtrC-3,UDPGtex_FWD_CPLX0-7534,UDPGtex,CPLX0-7534,b0929,0.0,0.0,False,False
NtrC-3,UMPtex_REV_CPLX0-7534,UMPtex,CPLX0-7534,b0929,0.0,0.0,False,False
NtrC-3,UMPtex_FWD_CPLX0-7534,UMPtex,CPLX0-7534,b0929,0.0,0.0,False,False
NtrC-3,URACPAH_FWD_G6522-MONOMER,URACPAH,G6522-MONOMER,b1011,1.561196517601445,1.1096657167109498,True,False
NtrC-3,URAt2rpp_REV_B1006-MONOMER,URAt2rpp,B1006-MONOMER,b1006,1.9173741542517984,1.740513318456148,True,False
NtrC-3,URAt2rpp_FWD_B1006-MONOMER,URAt2rpp,B1006-MONOMER,b1006,1.9173741542517984,0.0,True,True
NtrC-3,URAtex_REV_CPLX0-7534,URAtex,CPLX0-7534,b0929,0.0,0.0,False,False
NtrC-3,URAtex_FWD_CPLX0-7534,URAtex,CPLX0-7534,b0929,0.0,0.0,False,False
NtrC-3,UREAtex_REV_CPLX0-7534,UREAtex,CPLX0-7534,b0929,0.0,0.0,False,False
NtrC-3,UREAtex_FWD_CPLX0-7534,UREAtex,CPLX0-7534,b0929,0.0,0.0,False,False
NtrC-3,VALtex_REV_CPLX0-7534,VALtex,CPLX0-7534,b0929,0.0,0.0,False,False
NtrC-3,VALtex_FWD_CPLX0-7534,VALtex,CPLX0-7534,b0929,0.0,0.0,False,False
NtrC-3,XANtex_REV_CPLX0-7534,XANtex,CPLX0-7534,b0929,0.0,0.0,False,False
NtrC-3,XANtex_FWD_CPLX0-7534,XANtex,CPLX0-7534,b0929,0.0,0.0,False,False
NtrC-3,XMPtex_REV_CPLX0-7534,XMPtex,CPLX0-7534,b0929,0.0,0.0,False,False
NtrC-3,XMPtex_FWD_CPLX0-7534,XMPtex,CPLX0-7534,b0929,0.0,0.0,False,False
NtrC-3,XTSNtex_REV_CPLX0-7534,XTSNtex,CPLX0-7534,b0929,0.0,0.0,False,False
NtrC-3,XTSNtex_FWD_CPLX0-7534,XTSNtex,CPLX0-7534,b0929,0.0,0.0,False,False
NtrC-3,XYLUtex_REV_CPLX0-7534,XYLUtex,CPLX0-7534,b0929,0.0,0.0,False,False
NtrC-3,XYLUtex_FWD_CPLX0-7534,XYLUtex,CPLX0-7534,b0929,0.0,0.0,False,False
NtrC-3,XYLtex_REV_CPLX0-7534,XYLtex,CPLX0-7534,b0929,0.0,0.0,False,False
NtrC-3,XYLtex_FWD_CPLX0-7534,XYLtex,CPLX0-7534,b0929,0.0,0.0,False,False
NtrC-3,Zn2tex_REV_CPLX0-7534,Zn2tex,CPLX0-7534,b0929,0.0,0.0,False,False
NtrC-3,Zn2tex_FWD_CPLX0-7534,Zn2tex,CPLX0-7534,b0929,5.7097394413035495e-05,0.0,True,True
Fnr-1,RNTR1c21_FWD_NRDACTMULTI-CPLX,RNTR1c21,NRDACTMULTI-CPLX,b4237,0.0,0.0,False,False
Fnr-3,RNTR1c21_FWD_NRDACTMULTI-CPLX,RNTR1c21,NRDACTMULTI-CPLX,"b4237,b4238",0.0,0.0,False,False
Fnr-3,RNTR1c21_FWD_RIBONUCLEOSIDE-TRIP-REDUCT-CPLX,RNTR1c21,RIBONUCLEOSIDE-TRIP-REDUCT-CPLX,b4238,0.0,0.0,False,False
Fnr-1,RNTR1c22_FWD_NRDACTMULTI-CPLX,RNTR1c22,NRDACTMULTI-CPLX,b4237,0.03597901778156782,0.0,True,True
Fnr-3,RNTR1c22_FWD_NRDACTMULTI-CPLX,RNTR1c22,NRDACTMULTI-CPLX,"b4237,b4238",0.03597901778156782,0.0,True,True
Fnr-3,RNTR1c22_FWD_RIBONUCLEOSIDE-TRIP-REDUCT-CPLX,RNTR1c22,RIBONUCLEOSIDE-TRIP-REDUCT-CPLX,b4238,0.0,0.01858464635694701,False,False
Fnr-1,RNTR3c22_FWD_NRDACTMULTI-CPLX,RNTR3c22,NRDACTMULTI-CPLX,b4237,0.019181118629804195,0.0,True,True
Fnr-3,RNTR3c22_FWD_NRDACTMULTI-CPLX,RNTR3c22,NRDACTMULTI-CPLX,"b4237,b4238",0.019181118629804195,0.0,True,True
Fnr-3,RNTR3c22_FWD_RIBONUCLEOSIDE-TRIP-REDUCT-CPLX,RNTR3c22,RIBONUCLEOSIDE-TRIP-REDUCT-CPLX,b4238,0.0,0.036556312314348666,False,False
Fnr-1,RNTR3c21_FWD_NRDACTMULTI-CPLX,RNTR3c21,NRDACTMULTI-CPLX,b4237,0.0,0.0,False,False
Fnr-3,RNTR3c21_FWD_NRDACTMULTI-CPLX,RNTR3c21,NRDACTMULTI-CPLX,"b4237,b4238",0.0,0.0,False,False
Fnr-3,RNTR3c21_FWD_RIBONUCLEOSIDE-TRIP-REDUCT-CPLX,RNTR3c21,RIBONUCLEOSIDE-TRIP-REDUCT-CPLX,b4238,0.0,0.0,False,False
Fnr-1,RNTR2c21_FWD_NRDACTMULTI-CPLX,RNTR2c21,NRDACTMULTI-CPLX,b4237,0.0,0.0,False,False
Fnr-3,RNTR2c21_FWD_NRDACTMULTI-CPLX,RNTR2c21,NRDACTMULTI-CPLX,"b4237,b4238",0.0,0.0,False,False
Fnr-3,RNTR2c21_FWD_RIBONUCLEOSIDE-TRIP-REDUCT-CPLX,RNTR2c21,RIBONUCLEOSIDE-TRIP-REDUCT-CPLX,b4238,0.0,0.0,False,False
Fnr-1,RNTR2c22_FWD_NRDACTMULTI-CPLX,RNTR2c22,NRDACTMULTI-CPLX,b4237,0.023374279026631684,0.0,True,True
Fnr-3,RNTR2c22_FWD_NRDACTMULTI-CPLX,RNTR2c22,NRDACTMULTI-CPLX,"b4237,b4238",0.023374279026631684,0.0,True,True
Fnr-3,RNTR2c22_FWD_RIBONUCLEOSIDE-TRIP-REDUCT-CPLX,RNTR2c22,RIBONUCLEOSIDE-TRIP-REDUCT-CPLX,b4238,0.0,0.019181118629804195,False,False
ArcA-1,METSOXR21_FWD_EG12394-MONOMER,METSOXR21,EG12394-MONOMER,b1778,0.0,0.0,False,False
ArcA-1,METSOXR22_FWD_EG12394-MONOMER,METSOXR22,EG12394-MONOMER,b1778,45.76774095565856,0.0,True,True
Fnr-1,RNTR4c22_FWD_NRDACTMULTI-CPLX,RNTR4c22,NRDACTMULTI-CPLX,b4237,0.01858414600963279,0.0,True,True
Fnr-3,RNTR4c22_FWD_NRDACTMULTI-CPLX,RNTR4c22,NRDACTMULTI-CPLX,"b4237,b4238",0.01858414600963279,0.0,True,True
Fnr-3,RNTR4c22_FWD_RIBONUCLEOSIDE-TRIP-REDUCT-CPLX,RNTR4c22,RIBONUCLEOSIDE-TRIP-REDUCT-CPLX,b4238,0.0,0.018584069532914253,False,False
Fnr-1,RNTR4c21_FWD_NRDACTMULTI-CPLX,RNTR4c21,NRDACTMULTI-CPLX,b4237,1.6640419263857206e-45,0.0,False,False
Fnr-3,RNTR4c21_FWD_NRDACTMULTI-CPLX,RNTR4c21,NRDACTMULTI-CPLX,"b4237,b4238",1.6640419263857206e-45,0.0,False,False
Fnr-3,RNTR4c21_FWD_RIBONUCLEOSIDE-TRIP-REDUCT-CPLX,RNTR4c21,RIBONUCLEOSIDE-TRIP-REDUCT-CPLX,b4238,0.0,0.0,False,False
ArcA-1,CU2R_FWD_NADH-DHII-MONOMER_mod_mg2_mod_cu_mod_fad,CU2R,NADH-DHII-MONOMER_mod_mg2_mod_cu_mod_fad,b1109,1.138536209497402,0.0,True,True
ArcA-2,CU2R_FWD_NADH-DHII-MONOMER_mod_mg2_mod_cu_mod_fad,CU2R,NADH-DHII-MONOMER_mod_mg2_mod_cu_mod_fad,b1109,1.138536209497402,0.0,True,True
Fnr-2,CU2R_FWD_NADH-DHII-MONOMER_mod_mg2_mod_cu_mod_fad,CU2R,NADH-DHII-MONOMER_mod_mg2_mod_cu_mod_fad,b1109,1.138536209497402,0.0,True,True
