nitrogen_source,growth_rate,glucose_exchange,glucose_uptake,n_source_exchange,n_source_uptake,n_source_uptake_lb,N_uptake,C_uptake_total
NH4Cl,0.7414999999999999,EX_glc__D_e,9.346561870098109,EX_nh4_e,8.0,8.0,8.0,32.54483426178083
Adenine,0.553,EX_glc__D_e,7.782946414402074,EX_ade_e,1.1866809280576651,1.6,5.933404640288326,24.130288471594206
L-Cys,0.124,EX_glc__D_e,5.354672085488652,EX_cys__L_e,1.344798246707367,8.0,1.344798246707367,5.4159690836560515
Cytosine,0.2485,EX_glc__D_e,6.738418741301358,EX_csn_e,0.8706832710768784,2.6666666666666665,2.612049813230635,13.23113382487984
Cytidine,0.487,EX_glc__D_e,10.0,EX_cytd_e,1.7328988018726188,2.6666666666666665,5.198696405617857,25.944337053855975
Putrescine,0.4135,EX_glc__D_e,9.860922679014603,EX_ptrc_e,2.2074175876769724,4.0,4.414835175353945,18.038416884795875
L-Pro,0.135,EX_glc__D_e,5.919111321772552,EX_pro__L_e,1.4603131220697063,8.0,1.4603131220697063,5.905605243645041
Adenosine,0.626,EX_glc__D_e,7.033990935072278,EX_adn_e,1.3561165817140926,1.6,6.780582908570462,27.482722954370015
L-Asn,0.4185,EX_glc__D_e,9.087707467762225,EX_asn__L_e,2.2562245819554767,4.0,4.512449163910953,18.40262823363163
GlcNAc,0.461,EX_glc__D_e,3.30620668485164,EX_acgam_e,4.976816873001243,8.0,4.976816873001243,20.25125296014402
Glycine,0.238,EX_glc__D_e,10.0,EX_gly_e,2.5505621377839005,8.0,2.5505621377839005,10.44235801488966
L-Orn,0.159,EX_glc__D_e,10.0,EX_orn_e,0.8545343442284151,4.0,1.7090686884568302,6.995936436916517
L-Asp,0.279,EX_glc__D_e,10.0,EX_asp__L_e,2.995365049953808,8.0,2.995365049953808,12.295332268821326
D-Ala,0.4095,EX_glc__D_e,9.406062512672323,EX_ala__D_e,4.3793846884816015,8.0,4.3793846884816015,17.87454151808214
L-Ala,0.4035,EX_glc__D_e,8.52416711932064,EX_ala__L_e,4.339152612735997,8.0,4.339152612735997,17.705415560976867
L-Arg,0.2445,EX_glc__D_e,10.0,EX_arg__L_e,0.6558691555261209,2.0,2.6234766221044836,10.726456461746253
GABA,0.1775,EX_glc__D_e,6.96704407034994,EX_4abut_e,1.9044692444193885,8.0,1.9044692444193885,7.777703695351136
L-Ser,0.3745,EX_glc__D_e,9.467839206272743,EX_ser__L_e,4.006133899271618,8.0,4.006133899271618,16.39871600485964
Guanosine,0.20550000000000002,EX_glc__D_e,7.315137975650552,EX_gsn_e,0.4411658837816696,1.6,2.205829418908348,8.97551299142254
