nitrogen_source,mu_obs,mu_max_at_fixed_uptake
NH4Cl,0.7414999999999999,0.7875000000000001
Adenine,0.5529999999999999,0.7062499999999999
L-Cys,0.124,0.29374999999999996
Cytosine,0.2485,0.45
Cytidine,0.48700000000000004,0.6562499999999999
Putrescine,0.4135,0.60625
L-Pro,0.135,0.3125
Adenosine,0.626,0.75625
L-Asn,0.4185,0.61875
GlcNAc,0.461,0.6375
Glycine,0.23800000000000002,0.45
L-Orn,0.159,0.35
L-Asp,0.27899999999999997,0.49375
D-Ala,0.4095,0.60625
L-Ala,0.4035,0.60625
L-Arg,0.2445,0.4625
GABA,0.1775,0.375
L-Ser,0.3745,0.575
Guanosine,0.2055,0.41250000000000003
