gene_id,gene_locus,gene_name,gene_product,weight,in_imodulon,cog,all_regulators,start_pos,stop_pos,strand,string_id,uniprot_id,uniprot_protein_name,uniprot_function,organism,dataset
b1256,b1256,ompW,outer membrane protein W,0.256292422,true,Cell wall\/membrane\/envelope biogenesis,"ArcA, Crp, Fnr, Fur, NarL, SoxS, micA, rybB",1314020,1314658,+,511145.b1256,P0A915,Outer membrane protein W,Acts as a receptor for colicin S4,e_coli,precise_mg1655
b2579,b2579,grcA,stress-induced alternate pyruvate formate-lyase subunit,0.255934553,true,Function unknown,"ArcA, Crp, Fis, Fnr, Fur, PdhR, RpoD, YfeD, YneJ",2716066,2716449,-,511145.b2579,P68066,Autonomous glycyl radical cofactor,Acts as a radical domain for damaged PFL and possibly other radical proteins,e_coli,precise_mg1655
b1541,b1541,ydfZ,putative selenoprotein YdfZ,0.24150505,true,Function unknown,Fnr,1629215,1629418,+,511145.b1541,P64463,Putative selenoprotein YdfZ,,e_coli,precise_mg1655
b4589,b4589,ylcI,DUF3950 domain-containing protein YlcI,0.187595819,true,Function unknown,,580251,580445,-,511145.b4589,A5A607,Uncharacterized protein YlcI,,e_coli,precise_mg1655
b3158,b3158,ubiU,ubiquinone biosynthesis protein UbiU,0.187512433,true,"Post-translational modification, protein turnover, and chaperones",Nac,3301485,3302480,+,511145.b3158,P45527,Ubiquinone biosynthesis hydroxylase UbiU,"Component of the UbiUV hydroxylase, which is involved in the oxygen-independent ubiquinone (coenzyme Q) biosynthesis (PubMed:31289180, PubMed:37283518, PubMed:38507448). It catalyzes the three hydroxylation steps, using prephenate as the oxygen donor (PubMed:38507448). UbiUV ensures the production of ubiquinone under a range of O(2) levels, from anaerobiosis to microaerobiosis (PubMed:37283518). The UbiUV-dependent ubiquinone biosynthesis is essential for nitrate respiration and uracil biosynthesis under anaerobiosis (PubMed:37283518). When produced at sufficiently high level, UbiUV can also hydroxylate ubiquinone precursors under aerobic conditions (PubMed:37283518). It contributes, though modestly, to bacterial multiplication in the mouse gut (PubMed:37283518)",e_coli,precise_mg1655
b3365,b3365,nirB,nitrite reductase (NADH) large subunit,0.179173726,true,Energy production and conversion,"Cra, Crp, Fis, Fnr, H-NS, IHF, NarL, NarP, RpoD, ryhB",3494011,3496554,+,511145.b3365,P08201,Nitrite reductase (NADH) large subunit,,e_coli,precise_mg1655
b4533,b4533,ynfO,DUF3950 domain-containing protein YnfO,0.151184664,true,Function unknown,,1636756,1636989,+,511145.b4533,Q2EES0,Uncharacterized protein YnfO,,e_coli,precise_mg1655
b1593,b1593,bidA,dethiobiotin synthetase BidA,0.145849065,true,Coenzyme transport and metabolism,"Crp, Fnr, Mlc, Nac, RpoD, RpoH",1666524,1667219,-,511145.b1593,P0A6E9,ATP-dependent dethiobiotin synthetase BioD 2,"Catalyzes a mechanistically unusual reaction, the ATP-dependent insertion of CO2 between the N7 and N8 nitrogen atoms of 7,8-diaminopelargonic acid (DAPA, also called 7,8-diammoniononanoate) to form a ureido ring",e_coli,precise_mg1655
b0836,b0836,bssR,regulator of biofilm formation,0.142279374,true,Function unknown,Fur,878248,878631,+,511145.b0836,P0AAY1,Biofilm regulator BssR,Represses biofilm formation in M9C glu and LB glu media but not in M9C and LB media. Seems to act as a global regulator of several genes involved in catabolite repression and stress response and regulation of the uptake and export of signaling pathways. Could be involved the regulation of indole as well as uptake and export of AI-2 through a cAMP-dependent pathway,e_coli,precise_mg1655
b1750,b1750,ydjX,DedA family protein YdjX,0.129039027,true,Function unknown,,1833401,1834111,+,511145.b1750,P76219,TVP38/TMEM64 family membrane protein YdjX,,e_coli,precise_mg1655
b0894,b0894,dmsA,dimethyl sulfoxide reductase subunit A,0.113583643,true,Energy production and conversion,"Fis, Fnr, Fur, IHF, ModE, NarL, RpoD, YciT",940959,943403,+,511145.b0894,P18775,Dimethyl sulfoxide reductase DmsA,"Catalyzes the reduction of dimethyl sulfoxide (DMSO) to dimethyl sulfide (DMS). DMSO reductase serves as the terminal reductase under anaerobic conditions, with DMSO being the terminal electron acceptor. Terminal reductase during anaerobic growth on various sulfoxides and N-oxide compounds. Allows E.coli to grow anaerobically on DMSO as respiratory oxidant",e_coli,precise_mg1655
b0904,b0904,focA,formate channel FocA,0.1133619,true,Inorganic ion transport and metabolism,"ArcA, CpxR, Crp, Fnr, IHF, NarL, RpoD, YqhC",953609,954466,-,511145.b0904,P0AC23,Formate channel FocA,"Involved in the bidirectional transport of formate during mixed-acid fermentation (PubMed:23335413, PubMed:24659605, PubMed:30247527, PubMed:33169422, PubMed:35084298, PubMed:35377837, PubMed:35390794, PubMed:8022272). Functions to maintain relatively constant intracellular formate levels during growth, using different mechanisms for efflux and uptake of the anion (PubMed:35377837). Has a strong preference for formate as a substrate in vivo and not other acidic fermentation products (PubMed:23335413)",e_coli,precise_mg1655
b1223,b1223,narK,nitrate:nitrite antiporter NarK,0.108992842,true,Inorganic ion transport and metabolism,"Fis, Fnr, IHF, Nac, NarL, RpoD",1277957,1279348,+,511145.b1223,P10903,Nitrate/nitrite antiporter NarK,"Catalyzes nitrate uptake, nitrite uptake and nitrite export across the cytoplasmic membrane (PubMed:11967075, PubMed:15667293, PubMed:16804183, PubMed:23665960, PubMed:25959928, PubMed:2668029). Functions as a nitrate/nitrite exchanger, and protons are unlikely to be co-transported (PubMed:15667293, PubMed:23665960, PubMed:25959928, PubMed:2668029)",e_coli,precise_mg1655
b2208,b2208,napF,ferredoxin-type protein,0.10471616,true,Energy production and conversion,"FlhDC, Fnr, IscR, Lrp, ModE, NarL, NarP, RpoD",2303003,2303497,-,511145.b2208,P0AAL0,Ferredoxin-type protein NapF,"Could be involved in the maturation of NapA, the catalytic subunit of the periplasmic nitrate reductase, before its export into the periplasm (PubMed:17074894). Is not involved in the electron transfer from menaquinol or ubiquinol to the periplasmic nitrate reductase (PubMed:11967083)",e_coli,precise_mg1655
b3366,b3366,nirD,nitrite reductase (NADH) small subunit,0.103704455,true,Inorganic ion transport and metabolism,"Cra, Crp, Fis, Fnr, H-NS, IHF, NarL, NarP, RpoD",3496551,3496877,+,511145.b3366,P0A9I8,Nitrite reductase (NADH) small subunit,Required for activity of the reductase,e_coli,precise_mg1655
b3159,b3159,ubiV,ubiquinone biosynthesis protein UbiV,0.102214151,true,"Post-translational modification, protein turnover, and chaperones",,3302489,3303367,+,511145.b3159,P45475,Ubiquinone biosynthesis hydroxylase UbiV,"Component of the UbiUV hydroxylase, which is involved in the oxygen-independent ubiquinone (coenzyme Q) biosynthesis (PubMed:31289180, PubMed:37283518, PubMed:38507448). It catalyzes the three hydroxylation steps, using prephenate as the oxygen donor (PubMed:38507448). UbiUV ensures the production of ubiquinone under a range of O(2) levels, from anaerobiosis to microaerobiosis (PubMed:37283518). The UbiUV-dependent ubiquinone biosynthesis is essential for nitrate respiration and uracil biosynthesis under anaerobiosis (PubMed:37283518). When produced at sufficiently high level, UbiUV can also hydroxylate ubiquinone precursors under aerobic conditions (PubMed:37283518). It contributes, though modestly, to bacterial multiplication in the mouse gut (PubMed:37283518)",e_coli,precise_mg1655
b2531,b2531,iscR,DNA-binding transcriptional dual regulator IscR,-0.097949757,true,Transcription,"IscR, RpoD, YidZ, fnrS, ryhB",2661643,2662131,-,511145.b2531,P0AGK8,HTH-type transcriptional regulator IscR,"Regulates the transcription of several operons and genes involved in the biogenesis of Fe-S clusters and Fe-S-containing proteins. Transcriptional repressor of the iscRSUA operon, which is involved in the assembly of Fe-S clusters into Fe-S proteins. In its apoform, under conditions of oxidative stress or iron deprivation, it activates the suf operon, which is a second operon involved in the assembly of Fe-S clusters. Represses its own transcription as well as that of toxin rnlA",e_coli,precise_mg1655
b2111,b2111,yehD,putative fimbrial protein YehD,0.09610087,true,Cell motility,GlaR,2191680,2192222,-,511145.b2111,P33343,Uncharacterized fimbrial-like protein YehD,Part of the yehABCD fimbrial operon. Could contribute to adhesion to various surfaces in specific environmental niches,e_coli,precise_mg1655
b1474,b1474,fdnG,formate dehydrogenase N subunit alpha,0.093500904,true,Energy production and conversion,"CpxR, Fnr, NarL, NarP, RpoD",1547401,1550448,+,511145.b1474,P24183,"Formate dehydrogenase, nitrate-inducible, major subunit","Formate dehydrogenase allows E.coli to use formate as major electron donor during anaerobic respiration, when nitrate is used as electron acceptor. The alpha subunit FdnG contains the formate oxidation site. Electrons are transferred from formate to menaquinone in the gamma subunit (FdnI), through the 4Fe-4S clusters in the beta subunit (FdnH). Formate dehydrogenase-N is part of a system that generates proton motive force, together with the dissimilatory nitrate reductase (Nar)",e_coli,precise_mg1655
b3408,b3408,feoA,ferrous iron transport protein A,0.092917255,true,Inorganic ion transport and metabolism,"ArcA, Fnr, Fur, NagC, OmpR, RpoD",3540163,3540390,+,511145.b3408,P0AEL3,Fe(2+) transport protein A,Involved in Fe(2+) ion uptake (PubMed:8407793). Does not stimulate the GTPase activity of the N-terminus of FeoB (residues 1-276),e_coli,precise_mg1655
b1587,b1587,ynfE,putative selenate reductase YnfE,0.089960522,true,Energy production and conversion,"Fnr, Nac, NarL, RpoD, RpoS",1658069,1660495,+,511145.b1587,P77374,Putative dimethyl sulfoxide reductase chain YnfE,Terminal reductase during anaerobic growth on various sulfoxide and N-oxide compounds,e_coli,precise_mg1655
b1224,b1224,narG,nitrate reductase A subunit alpha,0.089845386,true,Energy production and conversion,"Fis, Fnr, IHF, NarL, Rob, RpoD, RstA, YcjW",1279864,1283607,+,511145.b1224,P09152,Respiratory nitrate reductase 1 alpha chain,The nitrate reductase enzyme complex allows E.coli to use nitrate as an electron acceptor during anaerobic growth. The alpha chain is the actual site of nitrate reduction,e_coli,precise_mg1655
b4238,b4238,nrdD,anaerobic ribonucleoside-triphosphate reductase,0.088083929,true,Nucleotide transport and metabolism,"Fnr, H-NS, NrdR, RpoD",4460522,4462660,-,511145.b4238,P28903,Anaerobic ribonucleoside-triphosphate reductase,"Catalyzes the conversion of ribonucleotides into deoxyribonucleotides, which are required for DNA synthesis and repair (PubMed:1460049, PubMed:24827372, PubMed:7568012, PubMed:7929317, PubMed:8381402, PubMed:9305874). Can reduce each of the four common ribonucleoside triphosphates (PubMed:7929317)",e_coli,precise_mg1655
b1906,b1906,yecH,DUF2492 domain-containing protein YecH,0.087654714,true,Function unknown,,1989251,1989490,-,511145.b1906,P46887,Uncharacterized protein YecH,,e_coli,precise_mg1655
b1751,b1751,ydjY,4Fe-4S ferredoxin-type domain-containing protein YdjY,0.087520592,true,No COG annotation,,1834116,1834793,+,511145.b1751,P76220,Uncharacterized protein YdjY,,e_coli,precise_mg1655
b1757,b1757,ynjE,molybdopterin synthase sulfurtransferase,0.087245486,true,Cell wall\/membrane\/envelope biogenesis,ppGpp,1839467,1840774,+,511145.b1757,P78067,Thiosulfate sulfurtransferase YnjE,,e_coli,precise_mg1655
b3476,b3476,nikA,Ni(2(+)) ABC transporter periplasmic binding protein,0.083997823,true,Amino acid transport and metabolism,"Fnr, NarL, NikR, RpoN",3613667,3615241,+,511145.b3476,P33590,Nickel-binding periplasmic protein,"Involved in a nickel transport system, probably represents the nickel binder",e_coli,precise_mg1655
b4380,b4380,yjjI,DUF3029 domain-containing protein YjjI,0.083312026,true,Nucleotide transport and metabolism,YciT,4615515,4617065,-,511145.b4380,P37342,Uncharacterized protein YjjI,,e_coli,precise_mg1655
b2207,b2207,napD,NapA signal peptide-binding chaperone NapD,0.079805489,true,Inorganic ion transport and metabolism,"FlhDC, Fnr, IscR, ModE, NarL, NarP, RpoD",2302750,2303013,-,511145.b2207,P0A9I5,Chaperone NapD,"Chaperone for NapA, the catalytic subunit of the periplasmic nitrate reductase. It binds directly and specifically to the twin-arginine signal peptide of NapA, preventing premature interaction with the Tat translocase and premature export (PubMed:17901208, PubMed:22329966). May have a role in the insertion of the NapA molybdenum cofactor (PubMed:24314029)",e_coli,precise_mg1655
b1014,b1014,putA,fused DNA-binding transcriptional repressor\/proline dehydrogenase\/1-pyrroline-5-carboxylate dehydrogenase PutA,0.075920982,true,Transcription,"ArcA, BasR, MarA, PutA, RpoD, YbaQ, YeiE, ppGpp",1074920,1078882,-,511145.b1014,P09546,Bifunctional protein PutA,Oxidizes proline to glutamate for use as a carbon and nitrogen source and also function as a transcriptional repressor of the put operon,e_coli,precise_mg1655
b4072,b4072,nrfC,putative menaquinol-cytochrome c reductase 4Fe-4S subunit,-0.075802738,true,Energy production and conversion,"Fis, FlhDC, Fnr, IHF, NarL, NarP, NsrR, RpoD",4289808,4290479,+,511145.b4072,P0AAK7,Protein NrfC,Probably involved in the transfer of electrons from the quinone pool to the type-c cytochromes,e_coli,precise_mg1655
b2530,b2530,iscS,cysteine desulfurase IscS,-0.074681621,true,Amino acid transport and metabolism,"IscR, RpoD, ryhB",2660317,2661531,-,511145.b2530,P0A6B7,Cysteine desulfurase IscS,"Master enzyme that delivers sulfur to a number of partners involved in Fe-S cluster assembly, tRNA modification or cofactor biosynthesis. Catalyzes the removal of elemental sulfur from cysteine to produce alanine. Functions as a sulfur delivery protein for Fe-S cluster synthesis onto IscU, an Fe-S scaffold assembly protein, as well as other S acceptor proteins. Preferentially binds to disordered IscU on which the Fe-S is assembled, IscU converts to the structured state and then dissociates from IscS to transfer the Fe-S to an acceptor protein. Also functions as a selenium delivery protein in the pathway for the biosynthesis of selenophosphate. Transfers sulfur onto 'Cys-456' of ThiI and onto 'Cys-19' of TusA in transpersulfidation reactions",e_coli,precise_mg1655
b4237,b4237,nrdG,anaerobic ribonucleoside-triphosphate reductase activating protein,0.07146165,true,"Post-translational modification, protein turnover, and chaperones","Fnr, H-NS, Nac, NrdR, RpoD",4459900,4460364,-,511145.b4237,P0A9N8,Anaerobic ribonucleoside-triphosphate reductase-activating protein,"Activation of anaerobic ribonucleoside-triphosphate reductase under anaerobic conditions by generation of an organic free radical, using S-adenosylmethionine and reduced flavodoxin as cosubstrates to produce 5'-deoxy-adenosine",e_coli,precise_mg1655